"cardURL","companyName","countryWebsite","description","detail","pagesViewed","timesViewed","numberOfPeople","date","timesClicked","keywordsResearched","timesResearched","impressions","campaigns"
"/discover/account/detail/5983ab9aa479854/?span={""fixedRange"":false,""timeWindow"":null,""startDate"":""2023-07-05"",""endDate"":""2023-08-03""}","PricewaterhouseCoopers","United States - pwc.com","1 page viewed a total of 1 time by 1 Anonymous user","https://tenovos.com/",1,1,1,"Aug 2, 2023",,,,,
"/discover/account/detail/5983ab9aa479854/?span={""fixedRange"":false,""timeWindow"":null,""startDate"":""2023-07-05"",""endDate"":""2023-08-03""}","PricewaterhouseCoopers","United States - pwc.com","1 page clicked a total of 1 time by 1 Anonymous user","https://tenovos.com/",1,,1,"Aug 2, 2023",1,,,,
"/discover/account/detail/5983ab9aa479854/?span={""fixedRange"":false,""timeWindow"":null,""startDate"":""2023-07-05"",""endDate"":""2023-08-03""}","PricewaterhouseCoopers","United States - pwc.com","4 keywords researched a total of 49 times by 5 anonymous users","hyland, taxonomy, workflow automation, marketing performance",,,5,"Aug 2, 2023",,4,49,,
"/discover/account/detail/5983ab9aa479854/?span={""fixedRange"":false,""timeWindow"":null,""startDate"":""2023-07-05"",""endDate"":""2023-08-03""}","PricewaterhouseCoopers","United States - pwc.com","7 keywords researched a total of 10 times by 7 anonymous users","smartsheet, hyland, widen, workflow automation, content hub, taxonomy, intelligent content",,,7,"Aug 1, 2023",,7,10,,
"/discover/account/detail/5983ab9aa479854/?span={""fixedRange"":false,""timeWindow"":null,""startDate"":""2023-07-05"",""endDate"":""2023-08-03""}","PricewaterhouseCoopers","United States - pwc.com","1 page viewed a total of 1 time by 1 Anonymous user","https://tenovos.com/",1,1,1,"Jul 31, 2023",,,,,
"/discover/account/detail/5983ab9aa479854/?span={""fixedRange"":false,""timeWindow"":null,""startDate"":""2023-07-05"",""endDate"":""2023-08-03""}","PricewaterhouseCoopers","United States - pwc.com","1 page clicked a total of 2 times by 1 Anonymous user","https://tenovos.com/",1,,1,"Jul 31, 2023",2,,,,
"/discover/account/detail/5983ab9aa479854/?span={""fixedRange"":false,""timeWindow"":null,""startDate"":""2023-07-05"",""endDate"":""2023-08-03""}","PricewaterhouseCoopers","United States - pwc.com","5 keywords researched a total of 10 times by 4 anonymous users","Informatica, hyland, pim, product information management, marketing performance",,,4,"Jul 31, 2023",,5,10,,
"/discover/account/detail/5983ab9aa479854/?span={""fixedRange"":false,""timeWindow"":null,""startDate"":""2023-07-05"",""endDate"":""2023-08-03""}","PricewaterhouseCoopers","United States - pwc.com","2 keywords researched a total of 3 times by 3 anonymous users","sitecore, workflow automation",,,3,"Jul 30, 2023",,2,3,,
"/discover/account/detail/5983ab9aa479854/?span={""fixedRange"":false,""timeWindow"":null,""startDate"":""2023-07-05"",""endDate"":""2023-08-03""}","PricewaterhouseCoopers","United States - pwc.com","5 keywords researched a total of 10 times by 6 anonymous users","widen, Informatica, workflow automation, taxonomy, marketing performance",,,6,"Jul 29, 2023",,5,10,,
"/discover/account/detail/5983ab9aa479854/?span={""fixedRange"":false,""timeWindow"":null,""startDate"":""2023-07-05"",""endDate"":""2023-08-03""}","PricewaterhouseCoopers","United States - pwc.com","1 page viewed a total of 1 time by 1 Anonymous user","https://tenovos.com/",1,1,1,"Jul 28, 2023",,,,,
"/discover/account/detail/5983ab9aa479854/?span={""fixedRange"":false,""timeWindow"":null,""startDate"":""2023-07-05"",""endDate"":""2023-08-03""}","PricewaterhouseCoopers","United States - pwc.com","4 keywords researched a total of 7 times by 6 anonymous users","henry stewart, Informatica, content hub, marketing performance",,,6,"Jul 28, 2023",,4,7,,
"/discover/account/detail/5983ab9aa479854/?span={""fixedRange"":false,""timeWindow"":null,""startDate"":""2023-07-05"",""endDate"":""2023-08-03""}","PricewaterhouseCoopers","United States - pwc.com","4 keywords researched a total of 9 times by 6 anonymous users","story insights, sitecore, taxonomy, content hub",,,6,"Jul 27, 2023",,4,9,,
"/discover/account/detail/5983ab9aa479854/?span={""fixedRange"":false,""timeWindow"":null,""startDate"":""2023-07-05"",""endDate"":""2023-08-03""}","PricewaterhouseCoopers","United States - pwc.com","5 keywords researched a total of 35 times by 9 anonymous users","widen, marketing performance, taxonomy, content hub, digital asset management",,,9,"Jul 26, 2023",,5,35,,
"/discover/account/detail/5983ab9aa479854/?span={""fixedRange"":false,""timeWindow"":null,""startDate"":""2023-07-05"",""endDate"":""2023-08-03""}","PricewaterhouseCoopers","United States - pwc.com","1 page viewed a total of 1 time by 1 Anonymous user","https://tenovos.com/",1,1,1,"Jul 25, 2023",,,,,
"/discover/account/detail/5983ab9aa479854/?span={""fixedRange"":false,""timeWindow"":null,""startDate"":""2023-07-05"",""endDate"":""2023-08-03""}","PricewaterhouseCoopers","United States - pwc.com","2 keywords researched a total of 3 times by 2 anonymous users","smartsheet, content hub",,,2,"Jul 25, 2023",,2,3,,
"/discover/account/detail/5983ab9aa479854/?span={""fixedRange"":false,""timeWindow"":null,""startDate"":""2023-07-05"",""endDate"":""2023-08-03""}","PricewaterhouseCoopers","United States - pwc.com","7 keywords researched a total of 12 times by 8 anonymous users","hyland, Informatica, taxonomy, workflow automation, brand integrity, marketing performance, content hub",,,8,"Jul 24, 2023",,7,12,,
"/discover/account/detail/5983ab9aa479854/?span={""fixedRange"":false,""timeWindow"":null,""startDate"":""2023-07-05"",""endDate"":""2023-08-03""}","PricewaterhouseCoopers","United States - pwc.com","3 keywords researched a total of 6 times by 5 anonymous users","dam new york, content hub, digital asset management",,,5,"Jul 23, 2023",,3,6,,
"/discover/account/detail/5983ab9aa479854/?span={""fixedRange"":false,""timeWindow"":null,""startDate"":""2023-07-05"",""endDate"":""2023-08-03""}","PricewaterhouseCoopers","United States - pwc.com","2 keywords researched a total of 2 times by 2 anonymous users","workflow automation, taxonomy",,,2,"Jul 22, 2023",,2,2,,
"/discover/account/detail/5983ab9aa479854/?span={""fixedRange"":false,""timeWindow"":null,""startDate"":""2023-07-05"",""endDate"":""2023-08-03""}","PricewaterhouseCoopers","United States - pwc.com","3 keywords researched a total of 9 times by 5 anonymous users","Informatica, workflow automation, marketing performance",,,5,"Jul 21, 2023",,3,9,,
"/discover/account/detail/5983ab9aa479854/?span={""fixedRange"":false,""timeWindow"":null,""startDate"":""2023-07-05"",""endDate"":""2023-08-03""}","PricewaterhouseCoopers","United States - pwc.com","1 page viewed a total of 1 time by 1 Anonymous user","https://tenovos.com/",1,1,1,"Jul 20, 2023",,,,,
"/discover/account/detail/5983ab9aa479854/?span={""fixedRange"":false,""timeWindow"":null,""startDate"":""2023-07-05"",""endDate"":""2023-08-03""}","PricewaterhouseCoopers","United States - pwc.com","1 page clicked a total of 1 time by 1 Anonymous user","https://tenovos.com/",1,,1,"Jul 20, 2023",1,,,,
"/discover/account/detail/5983ab9aa479854/?span={""fixedRange"":false,""timeWindow"":null,""startDate"":""2023-07-05"",""endDate"":""2023-08-03""}","PricewaterhouseCoopers","United States - pwc.com","4 keywords researched a total of 5 times by 5 anonymous users","Informatica, taxonomy, content hub, marketing performance",,,5,"Jul 20, 2023",,4,5,,
"/discover/account/detail/5983ab9aa479854/?span={""fixedRange"":false,""timeWindow"":null,""startDate"":""2023-07-05"",""endDate"":""2023-08-03""}","PricewaterhouseCoopers","United States - pwc.com","3 pages viewed a total of 3 times by 2 Anonymous users","https://tenovos.com/tenovos-partner-network/, https://tenovos.com/, https://tenovos.com/platform/",3,3,2,"Jul 19, 2023",,,,,
"/discover/account/detail/5983ab9aa479854/?span={""fixedRange"":false,""timeWindow"":null,""startDate"":""2023-07-05"",""endDate"":""2023-08-03""}","PricewaterhouseCoopers","United States - pwc.com","2 pages clicked a total of 3 times by 1 Anonymous user","https://tenovos.com/, https://tenovos.com/tenovos-partner-network/",2,,1,"Jul 19, 2023",3,,,,
"/discover/account/detail/5983ab9aa479854/?span={""fixedRange"":false,""timeWindow"":null,""startDate"":""2023-07-05"",""endDate"":""2023-08-03""}","PricewaterhouseCoopers","United States - pwc.com","6 keywords researched a total of 11 times by 8 anonymous users","Informatica, hyland, marketing performance, workflow automation, content hub, digital asset management",,,8,"Jul 19, 2023",,6,11,,
"/discover/account/detail/5983ab9aa479854/?span={""fixedRange"":false,""timeWindow"":null,""startDate"":""2023-07-05"",""endDate"":""2023-08-03""}","PricewaterhouseCoopers","United States - pwc.com","5 keywords researched a total of 6 times by 6 anonymous users","hyland, widen, taxonomy, digital asset management, content hub",,,6,"Jul 18, 2023",,5,6,,
"/discover/account/detail/5983ab9aa479854/?span={""fixedRange"":false,""timeWindow"":null,""startDate"":""2023-07-05"",""endDate"":""2023-08-03""}","PricewaterhouseCoopers","United States - pwc.com","1 page viewed a total of 1 time by 1 Anonymous user","https://tenovos.com/about/#contacts",1,1,1,"Jul 17, 2023",,,,,
"/discover/account/detail/5983ab9aa479854/?span={""fixedRange"":false,""timeWindow"":null,""startDate"":""2023-07-05"",""endDate"":""2023-08-03""}","PricewaterhouseCoopers","United States - pwc.com","3 keywords researched a total of 8 times by 5 anonymous users","Informatica, content hub, taxonomy",,,5,"Jul 17, 2023",,3,8,,
"/discover/account/detail/5983ab9aa479854/?span={""fixedRange"":false,""timeWindow"":null,""startDate"":""2023-07-05"",""endDate"":""2023-08-03""}","PricewaterhouseCoopers","United States - pwc.com","2 keywords researched a total of 4 times by 3 anonymous users","sitecore, content hub",,,3,"Jul 16, 2023",,2,4,,
"/discover/account/detail/5983ab9aa479854/?span={""fixedRange"":false,""timeWindow"":null,""startDate"":""2023-07-05"",""endDate"":""2023-08-03""}","PricewaterhouseCoopers","United States - pwc.com","4 keywords researched a total of 5 times by 5 anonymous users","Informatica, widen, taxonomy, marketing performance",,,5,"Jul 15, 2023",,4,5,,
"/discover/account/detail/5983ab9aa479854/?span={""fixedRange"":false,""timeWindow"":null,""startDate"":""2023-07-05"",""endDate"":""2023-08-03""}","PricewaterhouseCoopers","United States - pwc.com","5 keywords researched a total of 16 times by 12 anonymous users","widen, canto, best dam, digital asset management, content intelligence",,,12,"Jul 14, 2023",,5,16,,
"/discover/account/detail/5983ab9aa479854/?span={""fixedRange"":false,""timeWindow"":null,""startDate"":""2023-07-05"",""endDate"":""2023-08-03""}","PricewaterhouseCoopers","United States - pwc.com","4 pages viewed a total of 9 times by 7 Anonymous users","https://tenovos.com/, https://tenovos.com/msa/, https://tenovos.com/about/, https://tenovos.com/platform/",4,9,7,"Jul 13, 2023",,,,,
"/discover/account/detail/5983ab9aa479854/?span={""fixedRange"":false,""timeWindow"":null,""startDate"":""2023-07-05"",""endDate"":""2023-08-03""}","PricewaterhouseCoopers","United States - pwc.com","2 pages clicked a total of 10 times by 4 Anonymous users","https://tenovos.com/, https://tenovos.com/about/",2,,4,"Jul 13, 2023",10,,,,
"/discover/account/detail/5983ab9aa479854/?span={""fixedRange"":false,""timeWindow"":null,""startDate"":""2023-07-05"",""endDate"":""2023-08-03""}","PricewaterhouseCoopers","United States - pwc.com","8 keywords researched a total of 16 times by 10 anonymous users","aem training, aem, opentext, widen, marketing performance, taxonomy, best dam, content delivery network",,,10,"Jul 13, 2023",,8,16,,
"/discover/account/detail/5983ab9aa479854/?span={""fixedRange"":false,""timeWindow"":null,""startDate"":""2023-07-05"",""endDate"":""2023-08-03""}","PricewaterhouseCoopers","United States - pwc.com","7 keywords researched a total of 11 times by 9 anonymous users","widen, Stibo, canto, aem, workflow automation, taxonomy, marketing performance",,,9,"Jul 12, 2023",,7,11,,
"/discover/account/detail/5983ab9aa479854/?span={""fixedRange"":false,""timeWindow"":null,""startDate"":""2023-07-05"",""endDate"":""2023-08-03""}","PricewaterhouseCoopers","United States - pwc.com","7 keywords researched a total of 16 times by 13 anonymous users","hyland, canto, Informatica, content intelligence, dam manager, content hub, taxonomy",,,13,"Jul 11, 2023",,7,16,,
"/discover/account/detail/5983ab9aa479854/?span={""fixedRange"":false,""timeWindow"":null,""startDate"":""2023-07-05"",""endDate"":""2023-08-03""}","PricewaterhouseCoopers","United States - pwc.com","1 page viewed a total of 1 time by 1 Anonymous user","https://tenovos.com/msa/",1,1,1,"Jul 10, 2023",,,,,
"/discover/account/detail/5983ab9aa479854/?span={""fixedRange"":false,""timeWindow"":null,""startDate"":""2023-07-05"",""endDate"":""2023-08-03""}","PricewaterhouseCoopers","United States - pwc.com","1 page clicked a total of 2 times by 1 Anonymous user","https://tenovos.com/msa/",1,,1,"Jul 10, 2023",2,,,,
"/discover/account/detail/5983ab9aa479854/?span={""fixedRange"":false,""timeWindow"":null,""startDate"":""2023-07-05"",""endDate"":""2023-08-03""}","PricewaterhouseCoopers","United States - pwc.com","3 keywords researched a total of 8 times by 4 anonymous users","brand collections, content hub, marketing performance",,,4,"Jul 10, 2023",,3,8,,
"/discover/account/detail/5983ab9aa479854/?span={""fixedRange"":false,""timeWindow"":null,""startDate"":""2023-07-05"",""endDate"":""2023-08-03""}","PricewaterhouseCoopers","United States - pwc.com","3 keywords researched a total of 8 times by 3 anonymous users","adobe aem, aem, taxonomy",,,3,"Jul 9, 2023",,3,8,,
"/discover/account/detail/5983ab9aa479854/?span={""fixedRange"":false,""timeWindow"":null,""startDate"":""2023-07-05"",""endDate"":""2023-08-03""}","PricewaterhouseCoopers","United States - pwc.com","2 keywords researched a total of 2 times by 2 anonymous users","hyland, marketing performance",,,2,"Jul 8, 2023",,2,2,,
"/discover/account/detail/5983ab9aa479854/?span={""fixedRange"":false,""timeWindow"":null,""startDate"":""2023-07-05"",""endDate"":""2023-08-03""}","PricewaterhouseCoopers","United States - pwc.com","2 keywords researched a total of 2 times by 2 anonymous users","widen, dam assessment",,,2,"Jul 7, 2023",,2,2,,
"/discover/account/detail/5983ab9aa479854/?span={""fixedRange"":false,""timeWindow"":null,""startDate"":""2023-07-05"",""endDate"":""2023-08-03""}","PricewaterhouseCoopers","United States - pwc.com","1 page viewed a total of 1 time by 1 Anonymous user","https://tenovos.com/",1,1,1,"Jul 6, 2023",,,,,
"/discover/account/detail/5983ab9aa479854/?span={""fixedRange"":false,""timeWindow"":null,""startDate"":""2023-07-05"",""endDate"":""2023-08-03""}","PricewaterhouseCoopers","United States - pwc.com","4 keywords researched a total of 5 times by 5 anonymous users","hyland, Informatica, marketing performance, taxonomy",,,5,"Jul 6, 2023",,4,5,,
"/discover/account/detail/5983ab9aa479854/?span={""fixedRange"":false,""timeWindow"":null,""startDate"":""2023-07-05"",""endDate"":""2023-08-03""}","PricewaterhouseCoopers","United States - pwc.com","3 keywords researched a total of 7 times by 3 anonymous users","hyland, widen, content hub",,,3,"Jul 5, 2023",,3,7,,
"/discover/account/detail/5983ab9aa479854/?span={""fixedRange"":false,""timeWindow"":null,""startDate"":""2023-07-05"",""endDate"":""2023-08-03""}","PricewaterhouseCoopers","United States - pwc.com","2 keywords researched a total of 3 times by 2 anonymous users","canto, taxonomy",,,2,"Jul 3, 2023",,2,3,,
"/discover/account/detail/5983ab9aa479854/?span={""fixedRange"":false,""timeWindow"":null,""startDate"":""2023-07-05"",""endDate"":""2023-08-03""}","PricewaterhouseCoopers","United States - pwc.com","4 keywords researched a total of 13 times by 6 anonymous users","canto, opentext, marketing performance, taxonomy",,,6,"Jun 30, 2023",,4,13,,
"/discover/account/detail/5983ab9aa479854/?span={""fixedRange"":false,""timeWindow"":null,""startDate"":""2023-07-05"",""endDate"":""2023-08-03""}","PricewaterhouseCoopers","United States - pwc.com","3 keywords researched a total of 7 times by 5 anonymous users","marketing performance, taxonomy, content delivery network",,,5,"Jun 29, 2023",,3,7,,
"/discover/account/detail/5983ab9aa479854/?span={""fixedRange"":false,""timeWindow"":null,""startDate"":""2023-07-05"",""endDate"":""2023-08-03""}","PricewaterhouseCoopers","United States - pwc.com","5 pages viewed a total of 11 times by 3 Anonymous users","https://tenovos.com/, https://tenovos.com/why/, https://tenovos.com/digital-asset-management-roi-productivity/, https://tenovos.com/platform/, https://tenovos.com/resources/webinars/webinar-dam-data-101/",5,11,3,"Jun 28, 2023",,,,,
"/discover/account/detail/5983ab9aa479854/?span={""fixedRange"":false,""timeWindow"":null,""startDate"":""2023-07-05"",""endDate"":""2023-08-03""}","PricewaterhouseCoopers","United States - pwc.com","2 pages clicked a total of 4 times by 3 Anonymous users","https://tenovos.com/, https://tenovos.com/platform/",2,,3,"Jun 28, 2023",4,,,,
"/discover/account/detail/5983ab9aa479854/?span={""fixedRange"":false,""timeWindow"":null,""startDate"":""2023-07-05"",""endDate"":""2023-08-03""}","PricewaterhouseCoopers","United States - pwc.com","5 keywords researched a total of 7 times by 5 anonymous users","sitecore, hyland, dam new york, canto, taxonomy",,,5,"Jun 28, 2023",,5,7,,
"/discover/account/detail/5983ab9aa479854/?span={""fixedRange"":false,""timeWindow"":null,""startDate"":""2023-07-05"",""endDate"":""2023-08-03""}","PricewaterhouseCoopers","United States - pwc.com","3 pages viewed a total of 3 times by 1 Anonymous user","https://tenovos.com/demo-request-thank-you/, https://tenovos.com/demo/, https://tenovos.com/",3,3,1,"Jun 27, 2023",,,,,
"/discover/account/detail/5983ab9aa479854/?span={""fixedRange"":false,""timeWindow"":null,""startDate"":""2023-07-05"",""endDate"":""2023-08-03""}","PricewaterhouseCoopers","United States - pwc.com","1 page clicked a total of 1 time by 1 Anonymous user","https://tenovos.com/",1,,1,"Jun 27, 2023",1,,,,
"/discover/account/detail/5983ab9aa479854/?span={""fixedRange"":false,""timeWindow"":null,""startDate"":""2023-07-05"",""endDate"":""2023-08-03""}","PricewaterhouseCoopers","United States - pwc.com","3 keywords researched a total of 7 times by 5 anonymous users","canto, dam europe, content hub",,,5,"Jun 27, 2023",,3,7,,
"/discover/account/detail/5983ab9aa479854/?span={""fixedRange"":false,""timeWindow"":null,""startDate"":""2023-07-05"",""endDate"":""2023-08-03""}","PricewaterhouseCoopers","United States - pwc.com","7 keywords researched a total of 18 times by 8 anonymous users","Informatica, product information management, dam europe, henry stewart, marketing performance, taxonomy, workflow automation",,,8,"Jun 26, 2023",,7,18,,
"/discover/account/detail/5983ab9aa479854/?span={""fixedRange"":false,""timeWindow"":null,""startDate"":""2023-07-05"",""endDate"":""2023-08-03""}","PricewaterhouseCoopers","United States - pwc.com","2 keywords researched a total of 2 times by 2 anonymous users","hyland, marketing performance",,,2,"Jun 25, 2023",,2,2,,
"/discover/account/detail/5983ab9aa479854/?span={""fixedRange"":false,""timeWindow"":null,""startDate"":""2023-07-05"",""endDate"":""2023-08-03""}","PricewaterhouseCoopers","United States - pwc.com","6 keywords researched a total of 10 times by 6 anonymous users","canto, sitecore, Informatica, workflow automation, lifecycle analytics, digital asset management",,,6,"Jun 23, 2023",,6,10,,
"/discover/account/detail/5983ab9aa479854/?span={""fixedRange"":false,""timeWindow"":null,""startDate"":""2023-07-05"",""endDate"":""2023-08-03""}","PricewaterhouseCoopers","United States - pwc.com","6 keywords researched a total of 17 times by 14 anonymous users","widen, smartsheet, Syndigo, digital asset management, taxonomy, marketing performance",,,14,"Jun 22, 2023",,6,17,,
"/discover/account/detail/5983ab9aa479854/?span={""fixedRange"":false,""timeWindow"":null,""startDate"":""2023-07-05"",""endDate"":""2023-08-03""}","PricewaterhouseCoopers","United States - pwc.com","3 keywords researched a total of 9 times by 5 anonymous users","Informatica, taxonomy, content hub",,,5,"Jun 21, 2023",,3,9,,
"/discover/account/detail/5983ab9aa479854/?span={""fixedRange"":false,""timeWindow"":null,""startDate"":""2023-07-05"",""endDate"":""2023-08-03""}","PricewaterhouseCoopers","United States - pwc.com","4 keywords researched a total of 8 times by 5 anonymous users","hyland, hyland alternatives, lifecycle analytics, taxonomy",,,5,"Jun 20, 2023",,4,8,,
"/discover/account/detail/5983ab9aa479854/?span={""fixedRange"":false,""timeWindow"":null,""startDate"":""2023-07-05"",""endDate"":""2023-08-03""}","PricewaterhouseCoopers","United States - pwc.com","6 keywords researched a total of 15 times by 7 anonymous users","Informatica, hyland, dam new york, marketing performance, content hub, lifecycle analytics",,,7,"Jun 19, 2023",,6,15,,
"/discover/account/detail/5983ab9aa479854/?span={""fixedRange"":false,""timeWindow"":null,""startDate"":""2023-07-05"",""endDate"":""2023-08-03""}","PricewaterhouseCoopers","United States - pwc.com","1 keyword researched a total of 4 times by 2 anonymous users","dam new york",,,2,"Jun 18, 2023",,1,4,,
"/discover/account/detail/5983ab9aa479854/?span={""fixedRange"":false,""timeWindow"":null,""startDate"":""2023-07-05"",""endDate"":""2023-08-03""}","PricewaterhouseCoopers","United States - pwc.com","1 keyword researched a total of 1 time by 1 anonymous user","content hub",,,1,"Jun 17, 2023",,1,1,,
"/discover/account/detail/5983ab9aa479854/?span={""fixedRange"":false,""timeWindow"":null,""startDate"":""2023-07-05"",""endDate"":""2023-08-03""}","PricewaterhouseCoopers","United States - pwc.com","3 keywords researched a total of 4 times by 3 anonymous users","content hub, marketing performance, taxonomy",,,3,"Jun 16, 2023",,3,4,,
"/discover/account/detail/5983ab9aa479854/?span={""fixedRange"":false,""timeWindow"":null,""startDate"":""2023-07-05"",""endDate"":""2023-08-03""}","PricewaterhouseCoopers","United States - pwc.com","7 keywords researched a total of 14 times by 6 anonymous users","aem, canto, canto reviews, Informatica, track asset performance, best dam, content hub",,,6,"Jun 15, 2023",,7,14,,
"/discover/account/detail/5983ab9aa479854/?span={""fixedRange"":false,""timeWindow"":null,""startDate"":""2023-07-05"",""endDate"":""2023-08-03""}","PricewaterhouseCoopers","United States - pwc.com","7 keywords researched a total of 14 times by 7 anonymous users","product information management, sitecore, Informatica, canto, marketing performance, content delivery network, taxonomy",,,7,"Jun 14, 2023",,7,14,,
"/discover/account/detail/5983ab9aa479854/?span={""fixedRange"":false,""timeWindow"":null,""startDate"":""2023-07-05"",""endDate"":""2023-08-03""}","PricewaterhouseCoopers","United States - pwc.com","4 keywords researched a total of 4 times by 2 anonymous users","hyland, aem dam, aem api, aem",,,2,"Jun 13, 2023",,4,4,,
"/discover/account/detail/5983ab9aa479854/?span={""fixedRange"":false,""timeWindow"":null,""startDate"":""2023-07-05"",""endDate"":""2023-08-03""}","PricewaterhouseCoopers","United States - pwc.com","6 keywords researched a total of 7 times by 6 anonymous users","Informatica, hyland, smartsheet, taxonomy, marketing performance, content delivery network",,,6,"Jun 12, 2023",,6,7,,
"/discover/account/detail/5983ab9aa479854/?span={""fixedRange"":false,""timeWindow"":null,""startDate"":""2023-07-05"",""endDate"":""2023-08-03""}","PricewaterhouseCoopers","United States - pwc.com","2 keywords researched a total of 3 times by 3 anonymous users","taxonomy, marketing performance",,,3,"Jun 11, 2023",,2,3,,
"/discover/account/detail/5983ab9aa479854/?span={""fixedRange"":false,""timeWindow"":null,""startDate"":""2023-07-05"",""endDate"":""2023-08-03""}","PricewaterhouseCoopers","United States - pwc.com","1 keyword researched a total of 5 times by 2 anonymous users","marketing performance",,,2,"Jun 10, 2023",,1,5,,
"/discover/account/detail/5983ab9aa479854/?span={""fixedRange"":false,""timeWindow"":null,""startDate"":""2023-07-05"",""endDate"":""2023-08-03""}","PricewaterhouseCoopers","United States - pwc.com","2 keywords researched a total of 5 times by 2 anonymous users","Informatica, taxonomy",,,2,"Jun 9, 2023",,2,5,,
"/discover/account/detail/5983ab9aa479854/?span={""fixedRange"":false,""timeWindow"":null,""startDate"":""2023-07-05"",""endDate"":""2023-08-03""}","PricewaterhouseCoopers","United States - pwc.com","8 keywords researched a total of 16 times by 10 anonymous users","aem, adobe aem, sitecore, hyland reviews, hyland, widen, marketing performance, taxonomy",,,10,"Jun 8, 2023",,8,16,,
"/discover/account/detail/5983ab9aa479854/?span={""fixedRange"":false,""timeWindow"":null,""startDate"":""2023-07-05"",""endDate"":""2023-08-03""}","PricewaterhouseCoopers","United States - pwc.com","6 keywords researched a total of 9 times by 6 anonymous users","smartsheet, widen, aem, marketing performance, content hub, workflow automation",,,6,"Jun 7, 2023",,6,9,,
"/discover/account/detail/5983ab9aa479854/?span={""fixedRange"":false,""timeWindow"":null,""startDate"":""2023-07-05"",""endDate"":""2023-08-03""}","PricewaterhouseCoopers","United States - pwc.com","4 keywords researched a total of 11 times by 8 anonymous users","smartsheet, dam europe, content delivery network, marketing performance",,,8,"Jun 6, 2023",,4,11,,
"/discover/account/detail/5983ab9aa479854/?span={""fixedRange"":false,""timeWindow"":null,""startDate"":""2023-07-05"",""endDate"":""2023-08-03""}","PricewaterhouseCoopers","United States - pwc.com","6 keywords researched a total of 7 times by 4 anonymous users","Informatica, smartsheet, pim, informatica pim, workflow automation, content delivery network",,,4,"Jun 5, 2023",,6,7,,
"/discover/account/detail/5983ab9aa479854/?span={""fixedRange"":false,""timeWindow"":null,""startDate"":""2023-07-05"",""endDate"":""2023-08-03""}","PricewaterhouseCoopers","United States - pwc.com","2 keywords researched a total of 2 times by 2 anonymous users","sitecore, widen",,,2,"Jun 4, 2023",,2,2,,
"/discover/account/detail/5983ab9aa479854/?span={""fixedRange"":false,""timeWindow"":null,""startDate"":""2023-07-05"",""endDate"":""2023-08-03""}","PricewaterhouseCoopers","United States - pwc.com","4 keywords researched a total of 6 times by 4 anonymous users","widen, content delivery network, workflow automation, content hub",,,4,"Jun 3, 2023",,4,6,,
"/discover/account/detail/5983ab9aa479854/?span={""fixedRange"":false,""timeWindow"":null,""startDate"":""2023-07-05"",""endDate"":""2023-08-03""}","PricewaterhouseCoopers","United States - pwc.com","4 keywords researched a total of 7 times by 5 anonymous users","smartsheet, content delivery network, marketing performance, digital asset management",,,5,"Jun 2, 2023",,4,7,,
"/discover/account/detail/5983ab9aa479854/?span={""fixedRange"":false,""timeWindow"":null,""startDate"":""2023-07-05"",""endDate"":""2023-08-03""}","PricewaterhouseCoopers","United States - pwc.com","5 keywords researched a total of 9 times by 7 anonymous users","canto, Informatica, workflow automation, marketing performance, taxonomy",,,7,"Jun 1, 2023",,5,9,,
"/discover/account/detail/5983ab9aa479854/?span={""fixedRange"":false,""timeWindow"":null,""startDate"":""2023-07-05"",""endDate"":""2023-08-03""}","PricewaterhouseCoopers","United States - pwc.com","3 keywords researched a total of 4 times by 4 anonymous users","Informatica, marketing performance, content hub",,,4,"May 31, 2023",,3,4,,
"/discover/account/detail/5983ab9aa479854/?span={""fixedRange"":false,""timeWindow"":null,""startDate"":""2023-07-05"",""endDate"":""2023-08-03""}","PricewaterhouseCoopers","United States - pwc.com","5 keywords researched a total of 7 times by 6 anonymous users","Informatica, content hub, taxonomy, content intelligence, workflow automation",,,6,"May 30, 2023",,5,7,,
"/discover/account/detail/5983ab9aa479854/?span={""fixedRange"":false,""timeWindow"":null,""startDate"":""2023-07-05"",""endDate"":""2023-08-03""}","PricewaterhouseCoopers","United States - pwc.com","5 keywords researched a total of 16 times by 6 anonymous users","hyland, Informatica, taxonomy, content hub, marketing performance",,,6,"May 29, 2023",,5,16,,
"/discover/account/detail/5983ab9aa479854/?span={""fixedRange"":false,""timeWindow"":null,""startDate"":""2023-07-05"",""endDate"":""2023-08-03""}","PricewaterhouseCoopers","United States - pwc.com","2 keywords researched a total of 2 times by 2 anonymous users","canto, Informatica",,,2,"May 28, 2023",,2,2,,
"/discover/account/detail/5983ab9aa479854/?span={""fixedRange"":false,""timeWindow"":null,""startDate"":""2023-07-05"",""endDate"":""2023-08-03""}","PricewaterhouseCoopers","United States - pwc.com","1 keyword researched a total of 2 times by 1 anonymous user","hyland",,,1,"May 27, 2023",,1,2,,
"/discover/account/detail/5983ab9aa479854/?span={""fixedRange"":false,""timeWindow"":null,""startDate"":""2023-07-05"",""endDate"":""2023-08-03""}","PricewaterhouseCoopers","United States - pwc.com","4 keywords researched a total of 7 times by 4 anonymous users","smartsheet, aem, marketing performance, content hub",,,4,"May 26, 2023",,4,7,,
"/discover/account/detail/5983ab9aa479854/?span={""fixedRange"":false,""timeWindow"":null,""startDate"":""2023-07-05"",""endDate"":""2023-08-03""}","PricewaterhouseCoopers","United States - pwc.com","6 keywords researched a total of 15 times by 8 anonymous users","smartsheet, Informatica, marketing performance, content hub, content delivery network, taxonomy",,,8,"May 25, 2023",,6,15,,
"/discover/account/detail/5983ab9aa479854/?span={""fixedRange"":false,""timeWindow"":null,""startDate"":""2023-07-05"",""endDate"":""2023-08-03""}","PricewaterhouseCoopers","United States - pwc.com","6 keywords researched a total of 9 times by 4 anonymous users","Informatica, aem dam, aem api, aem, hyland, content hub",,,4,"May 24, 2023",,6,9,,
"/discover/account/detail/5983ab9aa479854/?span={""fixedRange"":false,""timeWindow"":null,""startDate"":""2023-07-05"",""endDate"":""2023-08-03""}","PricewaterhouseCoopers","United States - pwc.com","5 keywords researched a total of 10 times by 6 anonymous users","Informatica, sitecore, taxonomy, content hub, digital asset manager",,,6,"May 23, 2023",,5,10,,
"/discover/account/detail/5983ab9aa479854/?span={""fixedRange"":false,""timeWindow"":null,""startDate"":""2023-07-05"",""endDate"":""2023-08-03""}","PricewaterhouseCoopers","United States - pwc.com","5 keywords researched a total of 6 times by 5 anonymous users","sitecore, canto, hyland, best dam, digital asset management",,,5,"May 22, 2023",,5,6,,
"/discover/account/detail/5983ab9aa479854/?span={""fixedRange"":false,""timeWindow"":null,""startDate"":""2023-07-05"",""endDate"":""2023-08-03""}","PricewaterhouseCoopers","United States - pwc.com","3 keywords researched a total of 5 times by 3 anonymous users","pim, content hub, marketing performance",,,3,"May 21, 2023",,3,5,,
"/discover/account/detail/5983ab9aa479854/?span={""fixedRange"":false,""timeWindow"":null,""startDate"":""2023-07-05"",""endDate"":""2023-08-03""}","PricewaterhouseCoopers","United States - pwc.com","3 keywords researched a total of 12 times by 4 anonymous users","pim, content hub, marketing performance",,,4,"May 19, 2023",,3,12,,
"/discover/account/detail/5983ab9aa479854/?span={""fixedRange"":false,""timeWindow"":null,""startDate"":""2023-07-05"",""endDate"":""2023-08-03""}","PricewaterhouseCoopers","United States - pwc.com","5 keywords researched a total of 10 times by 7 anonymous users","hyland, story activation, taxonomy, workflow automation, content delivery network",,,7,"May 18, 2023",,5,10,,
"/discover/account/detail/5983ab9aa479854/?span={""fixedRange"":false,""timeWindow"":null,""startDate"":""2023-07-05"",""endDate"":""2023-08-03""}","PricewaterhouseCoopers","United States - pwc.com","4 keywords researched a total of 5 times by 5 anonymous users","hyland, taxonomy, workflow automation, marketing performance",,,5,"May 17, 2023",,4,5,,
"/discover/account/detail/5983ab9aa479854/?span={""fixedRange"":false,""timeWindow"":null,""startDate"":""2023-07-05"",""endDate"":""2023-08-03""}","PricewaterhouseCoopers","United States - pwc.com","4 keywords researched a total of 8 times by 5 anonymous users","pim, hyland, workflow automation, content hub",,,5,"May 16, 2023",,4,8,,
"/discover/account/detail/5983ab9aa479854/?span={""fixedRange"":false,""timeWindow"":null,""startDate"":""2023-07-05"",""endDate"":""2023-08-03""}","PricewaterhouseCoopers","United States - pwc.com","1 page viewed a total of 1 time by 1 Anonymous user","https://tenovos.com/",1,1,1,"May 15, 2023",,,,,
"/discover/account/detail/5983ab9aa479854/?span={""fixedRange"":false,""timeWindow"":null,""startDate"":""2023-07-05"",""endDate"":""2023-08-03""}","PricewaterhouseCoopers","United States - pwc.com","4 keywords researched a total of 8 times by 6 anonymous users","hyland, aprimo, workflow automation, taxonomy",,,6,"May 15, 2023",,4,8,,
"/discover/account/detail/5983ab9aa479854/?span={""fixedRange"":false,""timeWindow"":null,""startDate"":""2023-07-05"",""endDate"":""2023-08-03""}","PricewaterhouseCoopers","United States - pwc.com","1 keyword researched a total of 4 times by 1 anonymous user","taxonomy",,,1,"May 14, 2023",,1,4,,
"/discover/account/detail/5983ab9aa479854/?span={""fixedRange"":false,""timeWindow"":null,""startDate"":""2023-07-05"",""endDate"":""2023-08-03""}","PricewaterhouseCoopers","United States - pwc.com","1 keyword researched a total of 3 times by 1 anonymous user","hyland",,,1,"May 13, 2023",,1,3,,
"/discover/account/detail/5983ab9aa479854/?span={""fixedRange"":false,""timeWindow"":null,""startDate"":""2023-07-05"",""endDate"":""2023-08-03""}","PricewaterhouseCoopers","United States - pwc.com","1 page viewed a total of 1 time by 1 Anonymous user","https://tenovos.com/",1,1,1,"May 12, 2023",,,,,
"/discover/account/detail/5983ab9aa479854/?span={""fixedRange"":false,""timeWindow"":null,""startDate"":""2023-07-05"",""endDate"":""2023-08-03""}","PricewaterhouseCoopers","United States - pwc.com","6 keywords researched a total of 9 times by 9 anonymous users","Informatica, widen, workflow automation, marketing performance, taxonomy, content hub",,,9,"May 12, 2023",,6,9,,
"/discover/account/detail/5983ab9aa479854/?span={""fixedRange"":false,""timeWindow"":null,""startDate"":""2023-07-05"",""endDate"":""2023-08-03""}","PricewaterhouseCoopers","United States - pwc.com","7 keywords researched a total of 14 times by 5 anonymous users","hyland, pim, inriver pim, InRiver, taxonomy, content hub, digital asset management",,,5,"May 11, 2023",,7,14,,
"/discover/account/detail/5983ab9aa479854/?span={""fixedRange"":false,""timeWindow"":null,""startDate"":""2023-07-05"",""endDate"":""2023-08-03""}","PricewaterhouseCoopers","United States - pwc.com","1 page viewed a total of 1 time by 1 Anonymous user","https://tenovos.com/",1,1,1,"May 10, 2023",,,,,
"/discover/account/detail/5983ab9aa479854/?span={""fixedRange"":false,""timeWindow"":null,""startDate"":""2023-07-05"",""endDate"":""2023-08-03""}","PricewaterhouseCoopers","United States - pwc.com","1 page clicked a total of 2 times by 1 Anonymous user","https://tenovos.com/",1,,1,"May 10, 2023",2,,,,
"/discover/account/detail/5983ab9aa479854/?span={""fixedRange"":false,""timeWindow"":null,""startDate"":""2023-07-05"",""endDate"":""2023-08-03""}","PricewaterhouseCoopers","United States - pwc.com","4 keywords researched a total of 15 times by 7 anonymous users","hyland, widen, taxonomy, content hub",,,7,"May 10, 2023",,4,15,,
"/discover/account/detail/5983ab9aa479854/?span={""fixedRange"":false,""timeWindow"":null,""startDate"":""2023-07-05"",""endDate"":""2023-08-03""}","PricewaterhouseCoopers","United States - pwc.com","4 keywords researched a total of 15 times by 8 anonymous users","Informatica, hyland, marketing performance, taxonomy",,,8,"May 9, 2023",,4,15,,
"/discover/account/detail/5983ab9aa479854/?span={""fixedRange"":false,""timeWindow"":null,""startDate"":""2023-07-05"",""endDate"":""2023-08-03""}","PricewaterhouseCoopers","United States - pwc.com","6 keywords researched a total of 16 times by 8 anonymous users","hyland, smartsheet, sitecore, Informatica, marketing performance, content hub",,,8,"May 8, 2023",,6,16,,
"/discover/account/detail/5983ab9aa479854/?span={""fixedRange"":false,""timeWindow"":null,""startDate"":""2023-07-05"",""endDate"":""2023-08-03""}","PricewaterhouseCoopers","United States - pwc.com","2 keywords researched a total of 3 times by 2 anonymous users","aem, marketing performance",,,2,"May 7, 2023",,2,3,,
"/discover/account/detail/5983ab9aa479854/?span={""fixedRange"":false,""timeWindow"":null,""startDate"":""2023-07-05"",""endDate"":""2023-08-03""}","PricewaterhouseCoopers","United States - pwc.com","1 keyword researched a total of 4 times by 1 anonymous user","hyland",,,1,"May 6, 2023",,1,4,,
"/discover/account/detail/5983ab9aa479854/?span={""fixedRange"":false,""timeWindow"":null,""startDate"":""2023-07-05"",""endDate"":""2023-08-03""}","PricewaterhouseCoopers","United States - pwc.com","5 keywords researched a total of 9 times by 6 anonymous users","Informatica, brand integrity, taxonomy, content hub, digital asset management",,,6,"May 5, 2023",,5,9,,
"/discover/account/detail/5983ab9aa479854/?span={""fixedRange"":false,""timeWindow"":null,""startDate"":""2023-07-05"",""endDate"":""2023-08-03""}","PricewaterhouseCoopers","United States - pwc.com","4 keywords researched a total of 22 times by 7 anonymous users","widen, hyland, marketing performance, best dam",,,7,"May 4, 2023",,4,22,,
"/discover/account/detail/5983ab9aa479854/?span={""fixedRange"":false,""timeWindow"":null,""startDate"":""2023-07-05"",""endDate"":""2023-08-03""}","PricewaterhouseCoopers","United States - pwc.com","8 keywords researched a total of 16 times by 9 anonymous users","hyland, canto, Informatica, aem, sitecore, digital asset manager, content hub, marketing performance",,,9,"May 3, 2023",,8,16,,
"/discover/account/detail/5983ab9aa479854/?span={""fixedRange"":false,""timeWindow"":null,""startDate"":""2023-07-05"",""endDate"":""2023-08-03""}","PricewaterhouseCoopers","United States - pwc.com","1 page viewed a total of 1 time by 1 Anonymous user","https://tenovos.com/",1,1,1,"May 2, 2023",,,,,
"/discover/account/detail/5983ab9aa479854/?span={""fixedRange"":false,""timeWindow"":null,""startDate"":""2023-07-05"",""endDate"":""2023-08-03""}","PricewaterhouseCoopers","United States - pwc.com","9 keywords researched a total of 13 times by 8 anonymous users","hyland, canto, sitecore, Informatica, content hub, workflow automation, digital asset manager, digital asset management, marketing performance",,,8,"May 2, 2023",,9,13,,
"/discover/account/detail/5983ab9aa479854/?span={""fixedRange"":false,""timeWindow"":null,""startDate"":""2023-07-05"",""endDate"":""2023-08-03""}","PricewaterhouseCoopers","United States - pwc.com","3 keywords researched a total of 9 times by 3 anonymous users","hyland, content hub, taxonomy",,,3,"May 1, 2023",,3,9,,
"/discover/account/detail/5983ab9aa479854/?span={""fixedRange"":false,""timeWindow"":null,""startDate"":""2023-07-05"",""endDate"":""2023-08-03""}","PricewaterhouseCoopers","United States - pwc.com","2 keywords researched a total of 3 times by 3 anonymous users","content hub, marketing performance",,,3,"Apr 30, 2023",,2,3,,
"/discover/account/detail/5983ab9aa479854/?span={""fixedRange"":false,""timeWindow"":null,""startDate"":""2023-07-05"",""endDate"":""2023-08-03""}","PricewaterhouseCoopers","United States - pwc.com","2 keywords researched a total of 2 times by 2 anonymous users","hyland, marketing performance",,,2,"Apr 29, 2023",,2,2,,
"/discover/account/detail/5983ab9aa479854/?span={""fixedRange"":false,""timeWindow"":null,""startDate"":""2023-07-05"",""endDate"":""2023-08-03""}","PricewaterhouseCoopers","United States - pwc.com","6 keywords researched a total of 10 times by 7 anonymous users","opentext, widen, content hub, workflow automation, content intelligence, marketing performance",,,7,"Apr 28, 2023",,6,10,,
"/discover/account/detail/5983ab9aa479854/?span={""fixedRange"":false,""timeWindow"":null,""startDate"":""2023-07-05"",""endDate"":""2023-08-03""}","PricewaterhouseCoopers","United States - pwc.com","1 keyword researched a total of 1 time by 1 anonymous user","workflow automation",,,1,"Apr 27, 2023",,1,1,,
"/discover/account/detail/5983ab9aa479854/?span={""fixedRange"":false,""timeWindow"":null,""startDate"":""2023-07-05"",""endDate"":""2023-08-03""}","PricewaterhouseCoopers","United States - pwc.com","2 keywords researched a total of 2 times by 2 anonymous users","Informatica, sitecore",,,2,"Apr 26, 2023",,2,2,,
"/discover/account/detail/5983ab9aa479854/?span={""fixedRange"":false,""timeWindow"":null,""startDate"":""2023-07-05"",""endDate"":""2023-08-03""}","PricewaterhouseCoopers","United States - pwc.com","1 page viewed a total of 1 time by 1 Anonymous user","https://tenovos.com/",1,1,1,"Apr 25, 2023",,,,,
"/discover/account/detail/5983ab9aa479854/?span={""fixedRange"":false,""timeWindow"":null,""startDate"":""2023-07-05"",""endDate"":""2023-08-03""}","PricewaterhouseCoopers","United States - pwc.com","1 page clicked a total of 1 time by 1 Anonymous user","https://tenovos.com/",1,,1,"Apr 25, 2023",1,,,,
"/discover/account/detail/5983ab9aa479854/?span={""fixedRange"":false,""timeWindow"":null,""startDate"":""2023-07-05"",""endDate"":""2023-08-03""}","PricewaterhouseCoopers","United States - pwc.com","5 keywords researched a total of 17 times by 7 anonymous users","widen, sitecore, canto, marketing performance, taxonomy",,,7,"Apr 25, 2023",,5,17,,
"/discover/account/detail/5983ab9aa479854/?span={""fixedRange"":false,""timeWindow"":null,""startDate"":""2023-07-05"",""endDate"":""2023-08-03""}","PricewaterhouseCoopers","United States - pwc.com","3 keywords researched a total of 8 times by 3 anonymous users","informatica tutorials, Informatica, marketing performance",,,3,"Apr 24, 2023",,3,8,,
"/discover/account/detail/5983ab9aa479854/?span={""fixedRange"":false,""timeWindow"":null,""startDate"":""2023-07-05"",""endDate"":""2023-08-03""}","PricewaterhouseCoopers","United States - pwc.com","4 keywords researched a total of 5 times by 3 anonymous users","Informatica, widen, taxonomy, marketing performance",,,3,"Apr 21, 2023",,4,5,,
"/discover/account/detail/5983ab9aa479854/?span={""fixedRange"":false,""timeWindow"":null,""startDate"":""2023-07-05"",""endDate"":""2023-08-03""}","PricewaterhouseCoopers","United States - pwc.com","5 keywords researched a total of 36 times by 8 anonymous users","Informatica, workflow automation, taxonomy, content hub, marketing performance",,,8,"Apr 20, 2023",,5,36,,
"/discover/account/detail/5983ab9aa479854/?span={""fixedRange"":false,""timeWindow"":null,""startDate"":""2023-07-05"",""endDate"":""2023-08-03""}","PricewaterhouseCoopers","United States - pwc.com","4 keywords researched a total of 6 times by 4 anonymous users","Informatica, digital asset management, marketing performance, taxonomy",,,4,"Apr 19, 2023",,4,6,,
"/discover/account/detail/5983ab9aa479854/?span={""fixedRange"":false,""timeWindow"":null,""startDate"":""2023-07-05"",""endDate"":""2023-08-03""}","PricewaterhouseCoopers","United States - pwc.com","7 keywords researched a total of 19 times by 9 anonymous users","dam new york, hyland, smartsheet, taxonomy, marketing performance, content hub, digital asset management",,,9,"Apr 18, 2023",,7,19,,
"/discover/account/detail/5983ab9aa479854/?span={""fixedRange"":false,""timeWindow"":null,""startDate"":""2023-07-05"",""endDate"":""2023-08-03""}","PricewaterhouseCoopers","United States - pwc.com","1 keyword researched a total of 1 time by 1 anonymous user","digital asset management",,,1,"Apr 17, 2023",,1,1,,
"/discover/account/detail/5983ab9aa479854/?span={""fixedRange"":false,""timeWindow"":null,""startDate"":""2023-07-05"",""endDate"":""2023-08-03""}","PricewaterhouseCoopers","United States - pwc.com","1 keyword researched a total of 1 time by 1 anonymous user","canto",,,1,"Apr 16, 2023",,1,1,,
"/discover/account/detail/5983ab9aa479854/?span={""fixedRange"":false,""timeWindow"":null,""startDate"":""2023-07-05"",""endDate"":""2023-08-03""}","PricewaterhouseCoopers","United States - pwc.com","2 keywords researched a total of 3 times by 2 anonymous users","widen, taxonomy",,,2,"Apr 15, 2023",,2,3,,
"/discover/account/detail/5983ab9aa479854/?span={""fixedRange"":false,""timeWindow"":null,""startDate"":""2023-07-05"",""endDate"":""2023-08-03""}","PricewaterhouseCoopers","United States - pwc.com","3 keywords researched a total of 5 times by 4 anonymous users","workflow automation, digital asset management, managing digital assets",,,4,"Apr 14, 2023",,3,5,,
"/discover/account/detail/5983ab9aa479854/?span={""fixedRange"":false,""timeWindow"":null,""startDate"":""2023-07-05"",""endDate"":""2023-08-03""}","PricewaterhouseCoopers","United States - pwc.com","2 keywords researched a total of 5 times by 2 anonymous users","smartsheet, digital asset management",,,2,"Apr 13, 2023",,2,5,,
"/discover/account/detail/5983ab9aa479854/?span={""fixedRange"":false,""timeWindow"":null,""startDate"":""2023-07-05"",""endDate"":""2023-08-03""}","PricewaterhouseCoopers","United States - pwc.com","5 keywords researched a total of 11 times by 5 anonymous users","canto, smartsheet, Informatica, content hub, workflow automation",,,5,"Apr 12, 2023",,5,11,,
"/discover/account/detail/5983ab9aa479854/?span={""fixedRange"":false,""timeWindow"":null,""startDate"":""2023-07-05"",""endDate"":""2023-08-03""}","PricewaterhouseCoopers","United States - pwc.com","5 keywords researched a total of 12 times by 6 anonymous users","smartsheet, hyland, opentext, content hub, marketing performance",,,6,"Apr 11, 2023",,5,12,,
"/discover/account/detail/5983ab9aa479854/?span={""fixedRange"":false,""timeWindow"":null,""startDate"":""2023-07-05"",""endDate"":""2023-08-03""}","PricewaterhouseCoopers","United States - pwc.com","5 keywords researched a total of 13 times by 5 anonymous users","hyland, Informatica, taxonomy, content hub, workflow automation",,,5,"Apr 10, 2023",,5,13,,
"/discover/account/detail/5983ab9aa479854/?span={""fixedRange"":false,""timeWindow"":null,""startDate"":""2023-07-05"",""endDate"":""2023-08-03""}","PricewaterhouseCoopers","United States - pwc.com","3 keywords researched a total of 5 times by 3 anonymous users","smartsheet, widen, marketing performance",,,3,"Apr 9, 2023",,3,5,,
"/discover/account/detail/5983ab9aa479854/?span={""fixedRange"":false,""timeWindow"":null,""startDate"":""2023-07-05"",""endDate"":""2023-08-03""}","PricewaterhouseCoopers","United States - pwc.com","4 keywords researched a total of 10 times by 6 anonymous users","canto, Informatica, widen, content hub",,,6,"Apr 7, 2023",,4,10,,
"/discover/account/detail/5983ab9aa479854/?span={""fixedRange"":false,""timeWindow"":null,""startDate"":""2023-07-05"",""endDate"":""2023-08-03""}","PricewaterhouseCoopers","United States - pwc.com","3 keywords researched a total of 10 times by 6 anonymous users","widen, hyland, taxonomy",,,6,"Apr 6, 2023",,3,10,,
"/discover/account/detail/5983ab9aa479854/?span={""fixedRange"":false,""timeWindow"":null,""startDate"":""2023-07-05"",""endDate"":""2023-08-03""}","PricewaterhouseCoopers","United States - pwc.com","3 keywords researched a total of 11 times by 5 anonymous users","hyland, widen, Informatica",,,5,"Apr 5, 2023",,3,11,,
"/discover/account/detail/5983ab9aa479854/?span={""fixedRange"":false,""timeWindow"":null,""startDate"":""2023-07-05"",""endDate"":""2023-08-03""}","PricewaterhouseCoopers","United States - pwc.com","4 keywords researched a total of 16 times by 13 anonymous users","hyland, canto, Informatica, content hub",,,13,"Apr 4, 2023",,4,16,,
"/discover/account/detail/5983ab9aa479854/?span={""fixedRange"":false,""timeWindow"":null,""startDate"":""2023-07-05"",""endDate"":""2023-08-03""}","PricewaterhouseCoopers","United States - pwc.com","5 keywords researched a total of 15 times by 10 anonymous users","hyland, aem, Informatica, taxonomy, content hub",,,10,"Apr 3, 2023",,5,15,,
"/discover/account/detail/5983ab9aa479854/?span={""fixedRange"":false,""timeWindow"":null,""startDate"":""2023-07-05"",""endDate"":""2023-08-03""}","PricewaterhouseCoopers","United States - pwc.com","3 keywords researched a total of 3 times by 3 anonymous users","hyland, marketing performance, content hub",,,3,"Apr 2, 2023",,3,3,,
"/discover/account/detail/5983ab9aa479854/?span={""fixedRange"":false,""timeWindow"":null,""startDate"":""2023-07-05"",""endDate"":""2023-08-03""}","PricewaterhouseCoopers","United States - pwc.com","1 keyword researched a total of 7 times by 4 anonymous users","content hub",,,4,"Apr 1, 2023",,1,7,,
"/discover/account/detail/5983ab9aa479854/?span={""fixedRange"":false,""timeWindow"":null,""startDate"":""2023-07-05"",""endDate"":""2023-08-03""}","PricewaterhouseCoopers","United States - pwc.com","8 keywords researched a total of 14 times by 8 anonymous users","canto, Informatica, taxonomy, marketing workflow automation, workflow automation, forrester wave, marketing performance, content hub",,,8,"Mar 31, 2023",,8,14,,
"/discover/account/detail/5983ab9aa479854/?span={""fixedRange"":false,""timeWindow"":null,""startDate"":""2023-07-05"",""endDate"":""2023-08-03""}","PricewaterhouseCoopers","United States - pwc.com","6 keywords researched a total of 10 times by 6 anonymous users","smartsheet, sitecore, Informatica, workflow automation, marketing performance, taxonomy",,,6,"Mar 30, 2023",,6,10,,
"/discover/account/detail/5983ab9aa479854/?span={""fixedRange"":false,""timeWindow"":null,""startDate"":""2023-07-05"",""endDate"":""2023-08-03""}","PricewaterhouseCoopers","United States - pwc.com","4 keywords researched a total of 6 times by 5 anonymous users","Informatica, sitecore, product information management, content intelligence",,,5,"Mar 29, 2023",,4,6,,
"/discover/account/detail/5983ab9aa479854/?span={""fixedRange"":false,""timeWindow"":null,""startDate"":""2023-07-05"",""endDate"":""2023-08-03""}","PricewaterhouseCoopers","United States - pwc.com","2 keywords researched a total of 8 times by 3 anonymous users","Informatica, marketing performance",,,3,"Mar 28, 2023",,2,8,,
"/discover/account/detail/5983ab9aa479854/?span={""fixedRange"":false,""timeWindow"":null,""startDate"":""2023-07-05"",""endDate"":""2023-08-03""}","PricewaterhouseCoopers","United States - pwc.com","4 keywords researched a total of 8 times by 6 anonymous users","Informatica, hyland, marketing performance, content hub",,,6,"Mar 27, 2023",,4,8,,
"/discover/account/detail/5983ab9aa479854/?span={""fixedRange"":false,""timeWindow"":null,""startDate"":""2023-07-05"",""endDate"":""2023-08-03""}","PricewaterhouseCoopers","United States - pwc.com","1 keyword researched a total of 43 times by 1 anonymous user","taxonomy",,,1,"Mar 26, 2023",,1,43,,
"/discover/account/detail/5983ab9aa479854/?span={""fixedRange"":false,""timeWindow"":null,""startDate"":""2023-07-05"",""endDate"":""2023-08-03""}","PricewaterhouseCoopers","United States - pwc.com","2 keywords researched a total of 19 times by 2 anonymous users","Informatica, taxonomy",,,2,"Mar 25, 2023",,2,19,,
"/discover/account/detail/5983ab9aa479854/?span={""fixedRange"":false,""timeWindow"":null,""startDate"":""2023-07-05"",""endDate"":""2023-08-03""}","PricewaterhouseCoopers","United States - pwc.com","6 keywords researched a total of 40 times by 8 anonymous users","Informatica, hyland, aem, taxonomy, marketing performance, workflow automation",,,8,"Mar 24, 2023",,6,40,,
"/discover/account/detail/5983ab9aa479854/?span={""fixedRange"":false,""timeWindow"":null,""startDate"":""2023-07-05"",""endDate"":""2023-08-03""}","PricewaterhouseCoopers","United States - pwc.com","6 keywords researched a total of 10 times by 6 anonymous users","pim, opentext, canto, hyland, digital asset management, content hub",,,6,"Mar 23, 2023",,6,10,,
"/discover/account/detail/5983ab9aa479854/?span={""fixedRange"":false,""timeWindow"":null,""startDate"":""2023-07-05"",""endDate"":""2023-08-03""}","PricewaterhouseCoopers","United States - pwc.com","5 keywords researched a total of 9 times by 5 anonymous users","Informatica, widen, sitecore, taxonomy, workflow automation",,,5,"Mar 22, 2023",,5,9,,
"/discover/account/detail/5983ab9aa479854/?span={""fixedRange"":false,""timeWindow"":null,""startDate"":""2023-07-05"",""endDate"":""2023-08-03""}","PricewaterhouseCoopers","United States - pwc.com","5 keywords researched a total of 16 times by 9 anonymous users","Informatica, smartsheet, content delivery network, workflow automation, marketing performance",,,9,"Mar 21, 2023",,5,16,,
"/discover/account/detail/5983ab9aa479854/?span={""fixedRange"":false,""timeWindow"":null,""startDate"":""2023-07-05"",""endDate"":""2023-08-03""}","PricewaterhouseCoopers","United States - pwc.com","1 page viewed a total of 1 time by 1 Anonymous user","https://tenovos.com/tenovos-partner-network/",1,1,1,"Mar 20, 2023",,,,,
"/discover/account/detail/5983ab9aa479854/?span={""fixedRange"":false,""timeWindow"":null,""startDate"":""2023-07-05"",""endDate"":""2023-08-03""}","PricewaterhouseCoopers","United States - pwc.com","1 page clicked a total of 1 time by 1 Anonymous user","https://tenovos.com/tenovos-partner-network/",1,,1,"Mar 20, 2023",1,,,,
"/discover/account/detail/5983ab9aa479854/?span={""fixedRange"":false,""timeWindow"":null,""startDate"":""2023-07-05"",""endDate"":""2023-08-03""}","PricewaterhouseCoopers","United States - pwc.com","5 keywords researched a total of 14 times by 8 anonymous users","Informatica, sitecore, opentext, marketing performance, digital asset management",,,8,"Mar 20, 2023",,5,14,,
"/discover/account/detail/5983ab9aa479854/?span={""fixedRange"":false,""timeWindow"":null,""startDate"":""2023-07-05"",""endDate"":""2023-08-03""}","PricewaterhouseCoopers","United States - pwc.com","2 keywords researched a total of 2 times by 2 anonymous users","canto, content delivery network",,,2,"Mar 19, 2023",,2,2,,
"/discover/account/detail/5983ab9aa479854/?span={""fixedRange"":false,""timeWindow"":null,""startDate"":""2023-07-05"",""endDate"":""2023-08-03""}","PricewaterhouseCoopers","United States - pwc.com","4 keywords researched a total of 10 times by 4 anonymous users","Informatica, workflow automation, marketing performance, taxonomy",,,4,"Mar 18, 2023",,4,10,,
"/discover/account/detail/5983ab9aa479854/?span={""fixedRange"":false,""timeWindow"":null,""startDate"":""2023-07-05"",""endDate"":""2023-08-03""}","PricewaterhouseCoopers","United States - pwc.com","3 keywords researched a total of 7 times by 3 anonymous users","Informatica, widen, content hub",,,3,"Mar 17, 2023",,3,7,,
"/discover/account/detail/5983ab9aa479854/?span={""fixedRange"":false,""timeWindow"":null,""startDate"":""2023-07-05"",""endDate"":""2023-08-03""}","PricewaterhouseCoopers","United States - pwc.com","6 keywords researched a total of 14 times by 10 anonymous users","widen, aem, Informatica, content hub, marketing performance, taxonomy",,,10,"Mar 16, 2023",,6,14,,
"/discover/account/detail/5983ab9aa479854/?span={""fixedRange"":false,""timeWindow"":null,""startDate"":""2023-07-05"",""endDate"":""2023-08-03""}","PricewaterhouseCoopers","United States - pwc.com","5 keywords researched a total of 23 times by 8 anonymous users","Informatica, taxonomy, content hub, intelligent content, workflow automation",,,8,"Mar 15, 2023",,5,23,,
"/discover/account/detail/5983ab9aa479854/?span={""fixedRange"":false,""timeWindow"":null,""startDate"":""2023-07-05"",""endDate"":""2023-08-03""}","PricewaterhouseCoopers","United States - pwc.com","4 keywords researched a total of 18 times by 4 anonymous users","hyland, smartsheet, Informatica, workflow automation",,,4,"Mar 14, 2023",,4,18,,
"/discover/account/detail/5983ab9aa479854/?span={""fixedRange"":false,""timeWindow"":null,""startDate"":""2023-07-05"",""endDate"":""2023-08-03""}","PricewaterhouseCoopers","United States - pwc.com","6 keywords researched a total of 8 times by 5 anonymous users","widen, canto, Informatica, smartsheet, marketing performance, content delivery network",,,5,"Mar 13, 2023",,6,8,,
"/discover/account/detail/5983ab9aa479854/?span={""fixedRange"":false,""timeWindow"":null,""startDate"":""2023-07-05"",""endDate"":""2023-08-03""}","PricewaterhouseCoopers","United States - pwc.com","2 keywords researched a total of 2 times by 2 anonymous users","content delivery network, content hub",,,2,"Mar 12, 2023",,2,2,,
"/discover/account/detail/5983ab9aa479854/?span={""fixedRange"":false,""timeWindow"":null,""startDate"":""2023-07-05"",""endDate"":""2023-08-03""}","PricewaterhouseCoopers","United States - pwc.com","2 keywords researched a total of 2 times by 2 anonymous users","aem, marketing performance",,,2,"Mar 11, 2023",,2,2,,
"/discover/account/detail/5983ab9aa479854/?span={""fixedRange"":false,""timeWindow"":null,""startDate"":""2023-07-05"",""endDate"":""2023-08-03""}","PricewaterhouseCoopers","United States - pwc.com","4 keywords researched a total of 4 times by 4 anonymous users","aem, Informatica, canto, taxonomy",,,4,"Mar 10, 2023",,4,4,,
"/discover/account/detail/5983ab9aa479854/?span={""fixedRange"":false,""timeWindow"":null,""startDate"":""2023-07-05"",""endDate"":""2023-08-03""}","PricewaterhouseCoopers","United States - pwc.com","4 keywords researched a total of 4 times by 3 anonymous users","hyland, Informatica, aem, content hub",,,3,"Mar 9, 2023",,4,4,,
"/discover/account/detail/5983ab9aa479854/?span={""fixedRange"":false,""timeWindow"":null,""startDate"":""2023-07-05"",""endDate"":""2023-08-03""}","PricewaterhouseCoopers","United States - pwc.com","2 keywords researched a total of 2 times by 2 anonymous users","widen, story insights",,,2,"Mar 8, 2023",,2,2,,
"/discover/account/detail/5983ab9aa479854/?span={""fixedRange"":false,""timeWindow"":null,""startDate"":""2023-07-05"",""endDate"":""2023-08-03""}","PricewaterhouseCoopers","United States - pwc.com","4 keywords researched a total of 9 times by 3 anonymous users","product information management, Informatica, content delivery network, content hub",,,3,"Mar 7, 2023",,4,9,,
"/discover/account/detail/5983ab9aa479854/?span={""fixedRange"":false,""timeWindow"":null,""startDate"":""2023-07-05"",""endDate"":""2023-08-03""}","PricewaterhouseCoopers","United States - pwc.com","2 keywords researched a total of 8 times by 3 anonymous users","canto, Informatica",,,3,"Mar 6, 2023",,2,8,,
"/discover/account/detail/5983ab9aa479854/?span={""fixedRange"":false,""timeWindow"":null,""startDate"":""2023-07-05"",""endDate"":""2023-08-03""}","PricewaterhouseCoopers","United States - pwc.com","2 keywords researched a total of 5 times by 2 anonymous users","canto, workflow automation",,,2,"Mar 5, 2023",,2,5,,
"/discover/account/detail/5983ab9aa479854/?span={""fixedRange"":false,""timeWindow"":null,""startDate"":""2023-07-05"",""endDate"":""2023-08-03""}","PricewaterhouseCoopers","United States - pwc.com","5 keywords researched a total of 15 times by 7 anonymous users","Informatica, aem, smartsheet, taxonomy, marketing performance",,,7,"Mar 3, 2023",,5,15,,
"/discover/account/detail/5983ab9aa479854/?span={""fixedRange"":false,""timeWindow"":null,""startDate"":""2023-07-05"",""endDate"":""2023-08-03""}","PricewaterhouseCoopers","United States - pwc.com","24 Media Impressions in 1 Campaign","https://tenovos.abm.6sense.com/campaigns/view/98139",,,,"Mar 2, 2023",,,,24,1
"/discover/account/detail/5983ab9aa479854/?span={""fixedRange"":false,""timeWindow"":null,""startDate"":""2023-07-05"",""endDate"":""2023-08-03""}","PricewaterhouseCoopers","United States - pwc.com","4 keywords researched a total of 11 times by 4 anonymous users","Informatica, sitecore, opentext, taxonomy",,,4,"Mar 2, 2023",,4,11,,
"/discover/account/detail/5983ab9aa479854/?span={""fixedRange"":false,""timeWindow"":null,""startDate"":""2023-07-05"",""endDate"":""2023-08-03""}","PricewaterhouseCoopers","United States - pwc.com","44 Media Impressions in 1 Campaign","https://tenovos.abm.6sense.com/campaigns/view/98139",,,,"Mar 1, 2023",,,,44,1
"/discover/account/detail/5983ab9aa479854/?span={""fixedRange"":false,""timeWindow"":null,""startDate"":""2023-07-05"",""endDate"":""2023-08-03""}","PricewaterhouseCoopers","United States - pwc.com","7 keywords researched a total of 14 times by 8 anonymous users","Informatica, hyland, taxonomy, content hub, content delivery network, review of assets, marketing performance",,,8,"Mar 1, 2023",,7,14,,
"/discover/account/detail/5983ab9aa479854/?span={""fixedRange"":false,""timeWindow"":null,""startDate"":""2023-07-05"",""endDate"":""2023-08-03""}","PricewaterhouseCoopers","United States - pwc.com","60 Media Impressions in 1 Campaign","https://tenovos.abm.6sense.com/campaigns/view/98139",,,,"Feb 28, 2023",,,,60,1
"/discover/account/detail/5983ab9aa479854/?span={""fixedRange"":false,""timeWindow"":null,""startDate"":""2023-07-05"",""endDate"":""2023-08-03""}","PricewaterhouseCoopers","United States - pwc.com","7 keywords researched a total of 15 times by 8 anonymous users","opentext, sitecore, henry stewart, smartsheet, taxonomy, workflow automation, content hub",,,8,"Feb 28, 2023",,7,15,,
"/discover/account/detail/5983ab9aa479854/?span={""fixedRange"":false,""timeWindow"":null,""startDate"":""2023-07-05"",""endDate"":""2023-08-03""}","PricewaterhouseCoopers","United States - pwc.com","46 Media Impressions in 1 Campaign","https://tenovos.abm.6sense.com/campaigns/view/98139",,,,"Feb 27, 2023",,,,46,1
"/discover/account/detail/5983ab9aa479854/?span={""fixedRange"":false,""timeWindow"":null,""startDate"":""2023-07-05"",""endDate"":""2023-08-03""}","PricewaterhouseCoopers","United States - pwc.com","7 keywords researched a total of 17 times by 9 anonymous users","smartsheet, Informatica, taxonomy, workflow automation, content delivery network, content hub, marketing performance",,,9,"Feb 27, 2023",,7,17,,
"/discover/account/detail/5983ab9aa479854/?span={""fixedRange"":false,""timeWindow"":null,""startDate"":""2023-07-05"",""endDate"":""2023-08-03""}","PricewaterhouseCoopers","United States - pwc.com","1 keyword researched a total of 1 time by 1 anonymous user","taxonomy",,,1,"Feb 26, 2023",,1,1,,
"/discover/account/detail/5983ab9aa479854/?span={""fixedRange"":false,""timeWindow"":null,""startDate"":""2023-07-05"",""endDate"":""2023-08-03""}","PricewaterhouseCoopers","United States - pwc.com","4 Media Impressions in 1 Campaign","https://tenovos.abm.6sense.com/campaigns/view/98139",,,,"Feb 25, 2023",,,,4,1
"/discover/account/detail/5983ab9aa479854/?span={""fixedRange"":false,""timeWindow"":null,""startDate"":""2023-07-05"",""endDate"":""2023-08-03""}","PricewaterhouseCoopers","United States - pwc.com","4 keywords researched a total of 9 times by 6 anonymous users","widen, Informatica, hyland, digital asset management",,,6,"Feb 25, 2023",,4,9,,
"/discover/account/detail/5983ab9aa479854/?span={""fixedRange"":false,""timeWindow"":null,""startDate"":""2023-07-05"",""endDate"":""2023-08-03""}","PricewaterhouseCoopers","United States - pwc.com","42 Media Impressions in 1 Campaign","https://tenovos.abm.6sense.com/campaigns/view/98139",,,,"Feb 24, 2023",,,,42,1
"/discover/account/detail/5983ab9aa479854/?span={""fixedRange"":false,""timeWindow"":null,""startDate"":""2023-07-05"",""endDate"":""2023-08-03""}","PricewaterhouseCoopers","United States - pwc.com","8 keywords researched a total of 15 times by 8 anonymous users","smartsheet, Informatica, hyland, aem, marketing performance, campaign monitoring, content delivery network, digital asset management",,,8,"Feb 24, 2023",,8,15,,
"/discover/account/detail/5983ab9aa479854/?span={""fixedRange"":false,""timeWindow"":null,""startDate"":""2023-07-05"",""endDate"":""2023-08-03""}","PricewaterhouseCoopers","United States - pwc.com","44 Media Impressions in 1 Campaign","https://tenovos.abm.6sense.com/campaigns/view/98139",,,,"Feb 23, 2023",,,,44,1
"/discover/account/detail/5983ab9aa479854/?span={""fixedRange"":false,""timeWindow"":null,""startDate"":""2023-07-05"",""endDate"":""2023-08-03""}","PricewaterhouseCoopers","United States - pwc.com","6 keywords researched a total of 12 times by 5 anonymous users","aem, Informatica, marketing performance, workflow automation, content delivery network, taxonomy",,,5,"Feb 23, 2023",,6,12,,
"/discover/account/detail/5983ab9aa479854/?span={""fixedRange"":false,""timeWindow"":null,""startDate"":""2023-07-05"",""endDate"":""2023-08-03""}","PricewaterhouseCoopers","United States - pwc.com","51 Media Impressions in 1 Campaign","https://tenovos.abm.6sense.com/campaigns/view/98139",,,,"Feb 22, 2023",,,,51,1
"/discover/account/detail/5983ab9aa479854/?span={""fixedRange"":false,""timeWindow"":null,""startDate"":""2023-07-05"",""endDate"":""2023-08-03""}","PricewaterhouseCoopers","United States - pwc.com","7 keywords researched a total of 11 times by 9 anonymous users","hyland, product information management, widen, workflow automation, taxonomy, content hub, content delivery network",,,9,"Feb 22, 2023",,7,11,,
"/discover/account/detail/5983ab9aa479854/?span={""fixedRange"":false,""timeWindow"":null,""startDate"":""2023-07-05"",""endDate"":""2023-08-03""}","PricewaterhouseCoopers","United States - pwc.com","48 Media Impressions in 1 Campaign","https://tenovos.abm.6sense.com/campaigns/view/98139",,,,"Feb 21, 2023",,,,48,1
"/discover/account/detail/5983ab9aa479854/?span={""fixedRange"":false,""timeWindow"":null,""startDate"":""2023-07-05"",""endDate"":""2023-08-03""}","PricewaterhouseCoopers","United States - pwc.com","3 keywords researched a total of 6 times by 5 anonymous users","product information management, Informatica, taxonomy",,,5,"Feb 21, 2023",,3,6,,
"/discover/account/detail/5983ab9aa479854/?span={""fixedRange"":false,""timeWindow"":null,""startDate"":""2023-07-05"",""endDate"":""2023-08-03""}","PricewaterhouseCoopers","United States - pwc.com","53 Media Impressions in 1 Campaign","https://tenovos.abm.6sense.com/campaigns/view/98139",,,,"Feb 20, 2023",,,,53,1
"/discover/account/detail/5983ab9aa479854/?span={""fixedRange"":false,""timeWindow"":null,""startDate"":""2023-07-05"",""endDate"":""2023-08-03""}","PricewaterhouseCoopers","United States - pwc.com","3 keywords researched a total of 9 times by 4 anonymous users","aem, taxonomy, marketing performance",,,4,"Feb 20, 2023",,3,9,,
"/discover/account/detail/5983ab9aa479854/?span={""fixedRange"":false,""timeWindow"":null,""startDate"":""2023-07-05"",""endDate"":""2023-08-03""}","PricewaterhouseCoopers","United States - pwc.com","3 Media Impressions in 1 Campaign","https://tenovos.abm.6sense.com/campaigns/view/98139",,,,"Feb 18, 2023",,,,3,1
"/discover/account/detail/5983ab9aa479854/?span={""fixedRange"":false,""timeWindow"":null,""startDate"":""2023-07-05"",""endDate"":""2023-08-03""}","PricewaterhouseCoopers","United States - pwc.com","4 keywords researched a total of 5 times by 5 anonymous users","widen, opentext, taxonomy, content hub",,,5,"Feb 18, 2023",,4,5,,
"/discover/account/detail/5983ab9aa479854/?span={""fixedRange"":false,""timeWindow"":null,""startDate"":""2023-07-05"",""endDate"":""2023-08-03""}","PricewaterhouseCoopers","United States - pwc.com","78 Media Impressions in 1 Campaign","https://tenovos.abm.6sense.com/campaigns/view/98139",,,,"Feb 17, 2023",,,,78,1
"/discover/account/detail/5983ab9aa479854/?span={""fixedRange"":false,""timeWindow"":null,""startDate"":""2023-07-05"",""endDate"":""2023-08-03""}","PricewaterhouseCoopers","United States - pwc.com","6 keywords researched a total of 19 times by 9 anonymous users","hyland, Informatica, taxonomy, content delivery network, content hub, marketing performance",,,9,"Feb 17, 2023",,6,19,,
"/discover/account/detail/5983ab9aa479854/?span={""fixedRange"":false,""timeWindow"":null,""startDate"":""2023-07-05"",""endDate"":""2023-08-03""}","PricewaterhouseCoopers","United States - pwc.com","57 Media Impressions in 1 Campaign","https://tenovos.abm.6sense.com/campaigns/view/98139",,,,"Feb 16, 2023",,,,57,1
"/discover/account/detail/5983ab9aa479854/?span={""fixedRange"":false,""timeWindow"":null,""startDate"":""2023-07-05"",""endDate"":""2023-08-03""}","PricewaterhouseCoopers","United States - pwc.com","5 keywords researched a total of 24 times by 6 anonymous users","Informatica, hyland, taxonomy, content hub, digital asset management",,,6,"Feb 16, 2023",,5,24,,
"/discover/account/detail/5983ab9aa479854/?span={""fixedRange"":false,""timeWindow"":null,""startDate"":""2023-07-05"",""endDate"":""2023-08-03""}","PricewaterhouseCoopers","United States - pwc.com","55 Media Impressions in 1 Campaign","https://tenovos.abm.6sense.com/campaigns/view/98139",,,,"Feb 15, 2023",,,,55,1
"/discover/account/detail/5983ab9aa479854/?span={""fixedRange"":false,""timeWindow"":null,""startDate"":""2023-07-05"",""endDate"":""2023-08-03""}","PricewaterhouseCoopers","United States - pwc.com","5 keywords researched a total of 7 times by 5 anonymous users","Informatica, pim, hyland, widen, taxonomy",,,5,"Feb 15, 2023",,5,7,,
"/discover/account/detail/5983ab9aa479854/?span={""fixedRange"":false,""timeWindow"":null,""startDate"":""2023-07-05"",""endDate"":""2023-08-03""}","PricewaterhouseCoopers","United States - pwc.com","76 Media Impressions in 1 Campaign","https://tenovos.abm.6sense.com/campaigns/view/98139",,,,"Feb 14, 2023",,,,76,1
"/discover/account/detail/5983ab9aa479854/?span={""fixedRange"":false,""timeWindow"":null,""startDate"":""2023-07-05"",""endDate"":""2023-08-03""}","PricewaterhouseCoopers","United States - pwc.com","4 keywords researched a total of 15 times by 7 anonymous users","adobe aem, content hub, taxonomy, marketing performance",,,7,"Feb 14, 2023",,4,15,,
"/discover/account/detail/5983ab9aa479854/?span={""fixedRange"":false,""timeWindow"":null,""startDate"":""2023-07-05"",""endDate"":""2023-08-03""}","PricewaterhouseCoopers","United States - pwc.com","23 Media Impressions in 1 Campaign","https://tenovos.abm.6sense.com/campaigns/view/98139",,,,"Feb 13, 2023",,,,23,1
"/discover/account/detail/5983ab9aa479854/?span={""fixedRange"":false,""timeWindow"":null,""startDate"":""2023-07-05"",""endDate"":""2023-08-03""}","PricewaterhouseCoopers","United States - pwc.com","4 keywords researched a total of 8 times by 5 anonymous users","pim, widen, taxonomy, review of assets",,,5,"Feb 13, 2023",,4,8,,
"/discover/account/detail/5983ab9aa479854/?span={""fixedRange"":false,""timeWindow"":null,""startDate"":""2023-07-05"",""endDate"":""2023-08-03""}","PricewaterhouseCoopers","United States - pwc.com","2 keywords researched a total of 6 times by 5 anonymous users","hyland, marketing performance",,,5,"Feb 12, 2023",,2,6,,
"/discover/account/detail/5983ab9aa479854/?span={""fixedRange"":false,""timeWindow"":null,""startDate"":""2023-07-05"",""endDate"":""2023-08-03""}","PricewaterhouseCoopers","United States - pwc.com","8 Media Impressions in 1 Campaign","https://tenovos.abm.6sense.com/campaigns/view/98139",,,,"Feb 11, 2023",,,,8,1
"/discover/account/detail/5983ab9aa479854/?span={""fixedRange"":false,""timeWindow"":null,""startDate"":""2023-07-05"",""endDate"":""2023-08-03""}","PricewaterhouseCoopers","United States - pwc.com","1 keyword researched a total of 2 times by 2 anonymous users","marketing performance",,,2,"Feb 11, 2023",,1,2,,
"/discover/account/detail/5983ab9aa479854/?span={""fixedRange"":false,""timeWindow"":null,""startDate"":""2023-07-05"",""endDate"":""2023-08-03""}","PricewaterhouseCoopers","United States - pwc.com","33 Media Impressions in 1 Campaign","https://tenovos.abm.6sense.com/campaigns/view/98139",,,,"Feb 10, 2023",,,,33,1
"/discover/account/detail/5983ab9aa479854/?span={""fixedRange"":false,""timeWindow"":null,""startDate"":""2023-07-05"",""endDate"":""2023-08-03""}","PricewaterhouseCoopers","United States - pwc.com","5 keywords researched a total of 11 times by 7 anonymous users","Informatica, widen, pim, aem, taxonomy",,,7,"Feb 10, 2023",,5,11,,
"/discover/account/detail/5983ab9aa479854/?span={""fixedRange"":false,""timeWindow"":null,""startDate"":""2023-07-05"",""endDate"":""2023-08-03""}","PricewaterhouseCoopers","United States - pwc.com","27 Media Impressions in 1 Campaign","https://tenovos.abm.6sense.com/campaigns/view/98139",,,,"Feb 9, 2023",,,,27,1
"/discover/account/detail/5983ab9aa479854/?span={""fixedRange"":false,""timeWindow"":null,""startDate"":""2023-07-05"",""endDate"":""2023-08-03""}","PricewaterhouseCoopers","United States - pwc.com","3 keywords researched a total of 17 times by 11 anonymous users","hyland, Informatica, taxonomy",,,11,"Feb 9, 2023",,3,17,,
"/discover/account/detail/5983ab9aa479854/?span={""fixedRange"":false,""timeWindow"":null,""startDate"":""2023-07-05"",""endDate"":""2023-08-03""}","PricewaterhouseCoopers","United States - pwc.com","35 Media Impressions in 1 Campaign","https://tenovos.abm.6sense.com/campaigns/view/98139",,,,"Feb 8, 2023",,,,35,1
"/discover/account/detail/5983ab9aa479854/?span={""fixedRange"":false,""timeWindow"":null,""startDate"":""2023-07-05"",""endDate"":""2023-08-03""}","PricewaterhouseCoopers","United States - pwc.com","4 keywords researched a total of 12 times by 8 anonymous users","Informatica, hyland, taxonomy, content hub",,,8,"Feb 8, 2023",,4,12,,
"/discover/account/detail/5983ab9aa479854/?span={""fixedRange"":false,""timeWindow"":null,""startDate"":""2023-07-05"",""endDate"":""2023-08-03""}","PricewaterhouseCoopers","United States - pwc.com","39 Media Impressions in 1 Campaign","https://tenovos.abm.6sense.com/campaigns/view/98139",,,,"Feb 7, 2023",,,,39,1
"/discover/account/detail/5983ab9aa479854/?span={""fixedRange"":false,""timeWindow"":null,""startDate"":""2023-07-05"",""endDate"":""2023-08-03""}","PricewaterhouseCoopers","United States - pwc.com","3 keywords researched a total of 13 times by 5 anonymous users","Informatica, widen, taxonomy",,,5,"Feb 7, 2023",,3,13,,
"/discover/account/detail/5983ab9aa479854/?span={""fixedRange"":false,""timeWindow"":null,""startDate"":""2023-07-05"",""endDate"":""2023-08-03""}","PricewaterhouseCoopers","United States - pwc.com","38 Media Impressions in 1 Campaign","https://tenovos.abm.6sense.com/campaigns/view/98139",,,,"Feb 6, 2023",,,,38,1
"/discover/account/detail/5983ab9aa479854/?span={""fixedRange"":false,""timeWindow"":null,""startDate"":""2023-07-05"",""endDate"":""2023-08-03""}","PricewaterhouseCoopers","United States - pwc.com","4 keywords researched a total of 4 times by 4 anonymous users","Informatica, hyland, content hub, taxonomy",,,4,"Feb 6, 2023",,4,4,,
"/discover/account/detail/5983ab9aa479854/?span={""fixedRange"":false,""timeWindow"":null,""startDate"":""2023-07-05"",""endDate"":""2023-08-03""}","PricewaterhouseCoopers","United States - pwc.com","2 keywords researched a total of 7 times by 4 anonymous users","hyland, taxonomy",,,4,"Feb 5, 2023",,2,7,,
"/discover/account/detail/5983ab9aa479854/?span={""fixedRange"":false,""timeWindow"":null,""startDate"":""2023-07-05"",""endDate"":""2023-08-03""}","PricewaterhouseCoopers","United States - pwc.com","3 Media Impressions in 1 Campaign","https://tenovos.abm.6sense.com/campaigns/view/98139",,,,"Feb 4, 2023",,,,3,1
"/discover/account/detail/5983ab9aa479854/?span={""fixedRange"":false,""timeWindow"":null,""startDate"":""2023-07-05"",""endDate"":""2023-08-03""}","PricewaterhouseCoopers","United States - pwc.com","4 keywords researched a total of 7 times by 5 anonymous users","canto, hyland, content hub, best dam",,,5,"Feb 4, 2023",,4,7,,