"cardURL","companyName","countryWebsite","description","detail","keywordsResearched","timesResearched","numberOfPeople","date"
"/discover/account/detail/90ab1f1762f977d/?span={""fixedRange"":false,""timeWindow"":null,""startDate"":""2023-05-17"",""endDate"":""2023-08-14""}","Callaway Golf Company","United States - callawaygolf.com","1 keyword researched a total of 1 time by 1 anonymous user","henry stewart",1,1,1,"Aug 11, 2023"
"/discover/account/detail/90ab1f1762f977d/?span={""fixedRange"":false,""timeWindow"":null,""startDate"":""2023-05-17"",""endDate"":""2023-08-14""}","Callaway Golf Company","United States - callawaygolf.com","1 keyword researched a total of 1 time by 1 anonymous user","sitecore",1,1,1,"Aug 10, 2023"
"/discover/account/detail/90ab1f1762f977d/?span={""fixedRange"":false,""timeWindow"":null,""startDate"":""2023-05-17"",""endDate"":""2023-08-14""}","Callaway Golf Company","United States - callawaygolf.com","1 keyword researched a total of 1 time by 1 anonymous user","sitecore",1,1,1,"Aug 8, 2023"
"/discover/account/detail/90ab1f1762f977d/?span={""fixedRange"":false,""timeWindow"":null,""startDate"":""2023-05-17"",""endDate"":""2023-08-14""}","Callaway Golf Company","United States - callawaygolf.com","1 keyword researched a total of 1 time by 1 anonymous user","workflow automation",1,1,1,"Aug 7, 2023"
"/discover/account/detail/90ab1f1762f977d/?span={""fixedRange"":false,""timeWindow"":null,""startDate"":""2023-05-17"",""endDate"":""2023-08-14""}","Callaway Golf Company","United States - callawaygolf.com","1 keyword researched a total of 1 time by 1 anonymous user","sitecore",1,1,1,"Aug 4, 2023"
"/discover/account/detail/90ab1f1762f977d/?span={""fixedRange"":false,""timeWindow"":null,""startDate"":""2023-05-17"",""endDate"":""2023-08-14""}","Callaway Golf Company","United States - callawaygolf.com","1 keyword researched a total of 1 time by 1 anonymous user","sitecore",1,1,1,"Aug 3, 2023"
"/discover/account/detail/90ab1f1762f977d/?span={""fixedRange"":false,""timeWindow"":null,""startDate"":""2023-05-17"",""endDate"":""2023-08-14""}","Callaway Golf Company","United States - callawaygolf.com","1 keyword researched a total of 2 times by 1 anonymous user","workflow automation",1,2,1,"Jul 25, 2023"
"/discover/account/detail/90ab1f1762f977d/?span={""fixedRange"":false,""timeWindow"":null,""startDate"":""2023-05-17"",""endDate"":""2023-08-14""}","Callaway Golf Company","United States - callawaygolf.com","2 keywords researched a total of 2 times by 2 anonymous users","canto, content hub",2,2,2,"Jul 19, 2023"
"/discover/account/detail/90ab1f1762f977d/?span={""fixedRange"":false,""timeWindow"":null,""startDate"":""2023-05-17"",""endDate"":""2023-08-14""}","Callaway Golf Company","United States - callawaygolf.com","1 keyword researched a total of 1 time by 1 anonymous user","workflow automation",1,1,1,"Jul 18, 2023"
"/discover/account/detail/90ab1f1762f977d/?span={""fixedRange"":false,""timeWindow"":null,""startDate"":""2023-05-17"",""endDate"":""2023-08-14""}","Callaway Golf Company","United States - callawaygolf.com","2 keywords researched a total of 3 times by 1 anonymous user","content hub, workflow automation",2,3,1,"Jul 17, 2023"
"/discover/account/detail/90ab1f1762f977d/?span={""fixedRange"":false,""timeWindow"":null,""startDate"":""2023-05-17"",""endDate"":""2023-08-14""}","Callaway Golf Company","United States - callawaygolf.com","1 keyword researched a total of 1 time by 1 anonymous user","intelligent content",1,1,1,"Jul 1, 2023"
"/discover/account/detail/90ab1f1762f977d/?span={""fixedRange"":false,""timeWindow"":null,""startDate"":""2023-05-17"",""endDate"":""2023-08-14""}","Callaway Golf Company","United States - callawaygolf.com","1 keyword researched a total of 1 time by 1 anonymous user","workflow automation",1,1,1,"Jun 27, 2023"
"/discover/account/detail/90ab1f1762f977d/?span={""fixedRange"":false,""timeWindow"":null,""startDate"":""2023-05-17"",""endDate"":""2023-08-14""}","Callaway Golf Company","United States - callawaygolf.com","1 keyword researched a total of 1 time by 1 anonymous user","dam europe",1,1,1,"Jun 26, 2023"
"/discover/account/detail/90ab1f1762f977d/?span={""fixedRange"":false,""timeWindow"":null,""startDate"":""2023-05-17"",""endDate"":""2023-08-14""}","Callaway Golf Company","United States - callawaygolf.com","1 keyword researched a total of 2 times by 1 anonymous user","marketing performance",1,2,1,"Jun 8, 2023"
"/discover/account/detail/90ab1f1762f977d/?span={""fixedRange"":false,""timeWindow"":null,""startDate"":""2023-05-17"",""endDate"":""2023-08-14""}","Callaway Golf Company","United States - callawaygolf.com","1 keyword researched a total of 2 times by 1 anonymous user","workflow automation",1,2,1,"Jun 7, 2023"
"/discover/account/detail/90ab1f1762f977d/?span={""fixedRange"":false,""timeWindow"":null,""startDate"":""2023-05-17"",""endDate"":""2023-08-14""}","Callaway Golf Company","United States - callawaygolf.com","1 keyword researched a total of 2 times by 1 anonymous user","workflow automation",1,2,1,"May 11, 2023"
"/discover/account/detail/90ab1f1762f977d/?span={""fixedRange"":false,""timeWindow"":null,""startDate"":""2023-05-17"",""endDate"":""2023-08-14""}","Callaway Golf Company","United States - callawaygolf.com","1 keyword researched a total of 1 time by 1 anonymous user","workflow automation",1,1,1,"May 9, 2023"
"/discover/account/detail/90ab1f1762f977d/?span={""fixedRange"":false,""timeWindow"":null,""startDate"":""2023-05-17"",""endDate"":""2023-08-14""}","Callaway Golf Company","United States - callawaygolf.com","1 keyword researched a total of 2 times by 1 anonymous user","workflow automation",1,2,1,"May 5, 2023"
"/discover/account/detail/90ab1f1762f977d/?span={""fixedRange"":false,""timeWindow"":null,""startDate"":""2023-05-17"",""endDate"":""2023-08-14""}","Callaway Golf Company","United States - callawaygolf.com","1 keyword researched a total of 4 times by 1 anonymous user","taxonomy",1,4,1,"May 3, 2023"
"/discover/account/detail/90ab1f1762f977d/?span={""fixedRange"":false,""timeWindow"":null,""startDate"":""2023-05-17"",""endDate"":""2023-08-14""}","Callaway Golf Company","United States - callawaygolf.com","2 keywords researched a total of 4 times by 2 anonymous users","workflow automation, taxonomy",2,4,2,"May 1, 2023"
"/discover/account/detail/90ab1f1762f977d/?span={""fixedRange"":false,""timeWindow"":null,""startDate"":""2023-05-17"",""endDate"":""2023-08-14""}","Callaway Golf Company","United States - callawaygolf.com","1 keyword researched a total of 1 time by 1 anonymous user","sitecore",1,1,1,"Apr 28, 2023"
"/discover/account/detail/90ab1f1762f977d/?span={""fixedRange"":false,""timeWindow"":null,""startDate"":""2023-05-17"",""endDate"":""2023-08-14""}","Callaway Golf Company","United States - callawaygolf.com","1 keyword researched a total of 1 time by 1 anonymous user","workflow automation",1,1,1,"Apr 27, 2023"
"/discover/account/detail/90ab1f1762f977d/?span={""fixedRange"":false,""timeWindow"":null,""startDate"":""2023-05-17"",""endDate"":""2023-08-14""}","Callaway Golf Company","United States - callawaygolf.com","1 keyword researched a total of 1 time by 1 anonymous user","taxonomy",1,1,1,"Apr 18, 2023"
"/discover/account/detail/90ab1f1762f977d/?span={""fixedRange"":false,""timeWindow"":null,""startDate"":""2023-05-17"",""endDate"":""2023-08-14""}","Callaway Golf Company","United States - callawaygolf.com","1 keyword researched a total of 1 time by 1 anonymous user","sitecore",1,1,1,"Apr 17, 2023"
"/discover/account/detail/90ab1f1762f977d/?span={""fixedRange"":false,""timeWindow"":null,""startDate"":""2023-05-17"",""endDate"":""2023-08-14""}","Callaway Golf Company","United States - callawaygolf.com","1 keyword researched a total of 1 time by 1 anonymous user","workflow automation",1,1,1,"Apr 6, 2023"
"/discover/account/detail/90ab1f1762f977d/?span={""fixedRange"":false,""timeWindow"":null,""startDate"":""2023-05-17"",""endDate"":""2023-08-14""}","Callaway Golf Company","United States - callawaygolf.com","1 keyword researched a total of 1 time by 1 anonymous user","sitecore",1,1,1,"Apr 5, 2023"
"/discover/account/detail/90ab1f1762f977d/?span={""fixedRange"":false,""timeWindow"":null,""startDate"":""2023-05-17"",""endDate"":""2023-08-14""}","Callaway Golf Company","United States - callawaygolf.com","2 keywords researched a total of 3 times by 2 anonymous users","sitecore, content hub",2,3,2,"Mar 31, 2023"
"/discover/account/detail/90ab1f1762f977d/?span={""fixedRange"":false,""timeWindow"":null,""startDate"":""2023-05-17"",""endDate"":""2023-08-14""}","Callaway Golf Company","United States - callawaygolf.com","1 keyword researched a total of 1 time by 1 anonymous user","sitecore",1,1,1,"Mar 30, 2023"
"/discover/account/detail/90ab1f1762f977d/?span={""fixedRange"":false,""timeWindow"":null,""startDate"":""2023-05-17"",""endDate"":""2023-08-14""}","Callaway Golf Company","United States - callawaygolf.com","1 keyword researched a total of 1 time by 1 anonymous user","opentext solutions",1,1,1,"Mar 23, 2023"
"/discover/account/detail/90ab1f1762f977d/?span={""fixedRange"":false,""timeWindow"":null,""startDate"":""2023-05-17"",""endDate"":""2023-08-14""}","Callaway Golf Company","United States - callawaygolf.com","1 keyword researched a total of 1 time by 1 anonymous user","workflow automation",1,1,1,"Mar 22, 2023"
"/discover/account/detail/90ab1f1762f977d/?span={""fixedRange"":false,""timeWindow"":null,""startDate"":""2023-05-17"",""endDate"":""2023-08-14""}","Callaway Golf Company","United States - callawaygolf.com","1 keyword researched a total of 1 time by 1 anonymous user","workflow automation",1,1,1,"Mar 20, 2023"
"/discover/account/detail/90ab1f1762f977d/?span={""fixedRange"":false,""timeWindow"":null,""startDate"":""2023-05-17"",""endDate"":""2023-08-14""}","Callaway Golf Company","United States - callawaygolf.com","1 keyword researched a total of 1 time by 1 anonymous user","sitecore",1,1,1,"Mar 2, 2023"
"/discover/account/detail/90ab1f1762f977d/?span={""fixedRange"":false,""timeWindow"":null,""startDate"":""2023-05-17"",""endDate"":""2023-08-14""}","Callaway Golf Company","United States - callawaygolf.com","1 keyword researched a total of 1 time by 1 anonymous user","widen",1,1,1,"Feb 27, 2023"
"/discover/account/detail/90ab1f1762f977d/?span={""fixedRange"":false,""timeWindow"":null,""startDate"":""2023-05-17"",""endDate"":""2023-08-14""}","Callaway Golf Company","United States - callawaygolf.com","1 keyword researched a total of 1 time by 1 anonymous user","track asset performance",1,1,1,"Feb 21, 2023"
"/discover/account/detail/90ab1f1762f977d/?span={""fixedRange"":false,""timeWindow"":null,""startDate"":""2023-05-17"",""endDate"":""2023-08-14""}","Callaway Golf Company","United States - callawaygolf.com","1 keyword researched a total of 1 time by 1 anonymous user","content hub",1,1,1,"Feb 16, 2023"