"cardURL","companyName","countryWebsite","description","detail","keywordsResearched","timesResearched","numberOfPeople","date","impressions","campaigns","pagesViewed","timesViewed"
"/discover/account/detail/ed246849cc6e79f/?span={""fixedRange"":false,""timeWindow"":null,""startDate"":""2023-05-17"",""endDate"":""2023-08-14""}","MUY!","United States - muycompanies.com","2 keywords researched a total of 3 times by 2 anonymous users","sitecore, canto",2,3,2,"Aug 13, 2023",,,,
"/discover/account/detail/ed246849cc6e79f/?span={""fixedRange"":false,""timeWindow"":null,""startDate"":""2023-05-17"",""endDate"":""2023-08-14""}","MUY!","United States - muycompanies.com","1 keyword researched a total of 2 times by 1 anonymous user","dam europe",1,2,1,"Aug 12, 2023",,,,
"/discover/account/detail/ed246849cc6e79f/?span={""fixedRange"":false,""timeWindow"":null,""startDate"":""2023-05-17"",""endDate"":""2023-08-14""}","MUY!","United States - muycompanies.com","2 keywords researched a total of 6 times by 3 anonymous users","dam europe, marketing performance",2,6,3,"Aug 11, 2023",,,,
"/discover/account/detail/ed246849cc6e79f/?span={""fixedRange"":false,""timeWindow"":null,""startDate"":""2023-05-17"",""endDate"":""2023-08-14""}","MUY!","United States - muycompanies.com","1 keyword researched a total of 1 time by 1 anonymous user","opentext solutions",1,1,1,"Jul 31, 2023",,,,
"/discover/account/detail/ed246849cc6e79f/?span={""fixedRange"":false,""timeWindow"":null,""startDate"":""2023-05-17"",""endDate"":""2023-08-14""}","MUY!","United States - muycompanies.com","1 keyword researched a total of 1 time by 1 anonymous user","sitecore",1,1,1,"Jul 30, 2023",,,,
"/discover/account/detail/ed246849cc6e79f/?span={""fixedRange"":false,""timeWindow"":null,""startDate"":""2023-05-17"",""endDate"":""2023-08-14""}","MUY!","United States - muycompanies.com","2 keywords researched a total of 2 times by 2 anonymous users","hyland, taxonomy",2,2,2,"Jul 26, 2023",,,,
"/discover/account/detail/ed246849cc6e79f/?span={""fixedRange"":false,""timeWindow"":null,""startDate"":""2023-05-17"",""endDate"":""2023-08-14""}","MUY!","United States - muycompanies.com","1 keyword researched a total of 1 time by 1 anonymous user","content hub",1,1,1,"Jul 25, 2023",,,,
"/discover/account/detail/ed246849cc6e79f/?span={""fixedRange"":false,""timeWindow"":null,""startDate"":""2023-05-17"",""endDate"":""2023-08-14""}","MUY!","United States - muycompanies.com","3 keywords researched a total of 4 times by 3 anonymous users","hyland, review of assets, best dam",3,4,3,"Jul 24, 2023",,,,
"/discover/account/detail/ed246849cc6e79f/?span={""fixedRange"":false,""timeWindow"":null,""startDate"":""2023-05-17"",""endDate"":""2023-08-14""}","MUY!","United States - muycompanies.com","2 keywords researched a total of 3 times by 3 anonymous users","sitecore, taxonomy",2,3,3,"Jul 23, 2023",,,,
"/discover/account/detail/ed246849cc6e79f/?span={""fixedRange"":false,""timeWindow"":null,""startDate"":""2023-05-17"",""endDate"":""2023-08-14""}","MUY!","United States - muycompanies.com","1 keyword researched a total of 2 times by 1 anonymous user","sitecore",1,2,1,"Jul 22, 2023",,,,
"/discover/account/detail/ed246849cc6e79f/?span={""fixedRange"":false,""timeWindow"":null,""startDate"":""2023-05-17"",""endDate"":""2023-08-14""}","MUY!","United States - muycompanies.com","1 keyword researched a total of 3 times by 1 anonymous user","hyland",1,3,1,"Jul 21, 2023",,,,
"/discover/account/detail/ed246849cc6e79f/?span={""fixedRange"":false,""timeWindow"":null,""startDate"":""2023-05-17"",""endDate"":""2023-08-14""}","MUY!","United States - muycompanies.com","1 keyword researched a total of 3 times by 1 anonymous user","hyland",1,3,1,"Jul 20, 2023",,,,
"/discover/account/detail/ed246849cc6e79f/?span={""fixedRange"":false,""timeWindow"":null,""startDate"":""2023-05-17"",""endDate"":""2023-08-14""}","MUY!","United States - muycompanies.com","1 keyword researched a total of 1 time by 1 anonymous user","hyland",1,1,1,"Jul 18, 2023",,,,
"/discover/account/detail/ed246849cc6e79f/?span={""fixedRange"":false,""timeWindow"":null,""startDate"":""2023-05-17"",""endDate"":""2023-08-14""}","MUY!","United States - muycompanies.com","3 keywords researched a total of 4 times by 3 anonymous users","widen, best dam, marketing performance",3,4,3,"Jul 14, 2023",,,,
"/discover/account/detail/ed246849cc6e79f/?span={""fixedRange"":false,""timeWindow"":null,""startDate"":""2023-05-17"",""endDate"":""2023-08-14""}","MUY!","United States - muycompanies.com","1 keyword researched a total of 1 time by 1 anonymous user","taxonomy",1,1,1,"Jul 13, 2023",,,,
"/discover/account/detail/ed246849cc6e79f/?span={""fixedRange"":false,""timeWindow"":null,""startDate"":""2023-05-17"",""endDate"":""2023-08-14""}","MUY!","United States - muycompanies.com","1 keyword researched a total of 1 time by 1 anonymous user","marketing performance",1,1,1,"Jul 11, 2023",,,,
"/discover/account/detail/ed246849cc6e79f/?span={""fixedRange"":false,""timeWindow"":null,""startDate"":""2023-05-17"",""endDate"":""2023-08-14""}","MUY!","United States - muycompanies.com","1 keyword researched a total of 1 time by 1 anonymous user","content hub",1,1,1,"Jul 10, 2023",,,,
"/discover/account/detail/ed246849cc6e79f/?span={""fixedRange"":false,""timeWindow"":null,""startDate"":""2023-05-17"",""endDate"":""2023-08-14""}","MUY!","United States - muycompanies.com","1 keyword researched a total of 1 time by 1 anonymous user","hyland",1,1,1,"Jul 6, 2023",,,,
"/discover/account/detail/ed246849cc6e79f/?span={""fixedRange"":false,""timeWindow"":null,""startDate"":""2023-05-17"",""endDate"":""2023-08-14""}","MUY!","United States - muycompanies.com","1 keyword researched a total of 1 time by 1 anonymous user","marketing performance",1,1,1,"Jul 4, 2023",,,,
"/discover/account/detail/ed246849cc6e79f/?span={""fixedRange"":false,""timeWindow"":null,""startDate"":""2023-05-17"",""endDate"":""2023-08-14""}","MUY!","United States - muycompanies.com","2 keywords researched a total of 2 times by 2 anonymous users","henry stewart, marketing performance",2,2,2,"Jul 3, 2023",,,,
"/discover/account/detail/ed246849cc6e79f/?span={""fixedRange"":false,""timeWindow"":null,""startDate"":""2023-05-17"",""endDate"":""2023-08-14""}","MUY!","United States - muycompanies.com","1 keyword researched a total of 1 time by 1 anonymous user","hyland",1,1,1,"Jul 1, 2023",,,,
"/discover/account/detail/ed246849cc6e79f/?span={""fixedRange"":false,""timeWindow"":null,""startDate"":""2023-05-17"",""endDate"":""2023-08-14""}","MUY!","United States - muycompanies.com","2 keywords researched a total of 3 times by 2 anonymous users","dam europe, sitecore",2,3,2,"Jun 26, 2023",,,,
"/discover/account/detail/ed246849cc6e79f/?span={""fixedRange"":false,""timeWindow"":null,""startDate"":""2023-05-17"",""endDate"":""2023-08-14""}","MUY!","United States - muycompanies.com","1 keyword researched a total of 1 time by 1 anonymous user","sitecore",1,1,1,"Jun 23, 2023",,,,
"/discover/account/detail/ed246849cc6e79f/?span={""fixedRange"":false,""timeWindow"":null,""startDate"":""2023-05-17"",""endDate"":""2023-08-14""}","MUY!","United States - muycompanies.com","1 keyword researched a total of 2 times by 2 anonymous users","widen",1,2,2,"Jun 22, 2023",,,,
"/discover/account/detail/ed246849cc6e79f/?span={""fixedRange"":false,""timeWindow"":null,""startDate"":""2023-05-17"",""endDate"":""2023-08-14""}","MUY!","United States - muycompanies.com","1 keyword researched a total of 3 times by 1 anonymous user","marketing performance",1,3,1,"Jun 21, 2023",,,,
"/discover/account/detail/ed246849cc6e79f/?span={""fixedRange"":false,""timeWindow"":null,""startDate"":""2023-05-17"",""endDate"":""2023-08-14""}","MUY!","United States - muycompanies.com","1 keyword researched a total of 2 times by 1 anonymous user","dam new york",1,2,1,"Jun 19, 2023",,,,
"/discover/account/detail/ed246849cc6e79f/?span={""fixedRange"":false,""timeWindow"":null,""startDate"":""2023-05-17"",""endDate"":""2023-08-14""}","MUY!","United States - muycompanies.com","1 keyword researched a total of 3 times by 1 anonymous user","aem",1,3,1,"Jun 16, 2023",,,,
"/discover/account/detail/ed246849cc6e79f/?span={""fixedRange"":false,""timeWindow"":null,""startDate"":""2023-05-17"",""endDate"":""2023-08-14""}","MUY!","United States - muycompanies.com","3 keywords researched a total of 3 times by 3 anonymous users","widen, campaign monitoring, taxonomy",3,3,3,"Jun 14, 2023",,,,
"/discover/account/detail/ed246849cc6e79f/?span={""fixedRange"":false,""timeWindow"":null,""startDate"":""2023-05-17"",""endDate"":""2023-08-14""}","MUY!","United States - muycompanies.com","1 keyword researched a total of 1 time by 1 anonymous user","hyland",1,1,1,"Jun 12, 2023",,,,
"/discover/account/detail/ed246849cc6e79f/?span={""fixedRange"":false,""timeWindow"":null,""startDate"":""2023-05-17"",""endDate"":""2023-08-14""}","MUY!","United States - muycompanies.com","1 keyword researched a total of 1 time by 1 anonymous user","widen",1,1,1,"Jun 10, 2023",,,,
"/discover/account/detail/ed246849cc6e79f/?span={""fixedRange"":false,""timeWindow"":null,""startDate"":""2023-05-17"",""endDate"":""2023-08-14""}","MUY!","United States - muycompanies.com","1 keyword researched a total of 2 times by 1 anonymous user","hyland",1,2,1,"Jun 9, 2023",,,,
"/discover/account/detail/ed246849cc6e79f/?span={""fixedRange"":false,""timeWindow"":null,""startDate"":""2023-05-17"",""endDate"":""2023-08-14""}","MUY!","United States - muycompanies.com","2 keywords researched a total of 9 times by 4 anonymous users","dam europe, aem",2,9,4,"Jun 6, 2023",,,,
"/discover/account/detail/ed246849cc6e79f/?span={""fixedRange"":false,""timeWindow"":null,""startDate"":""2023-05-17"",""endDate"":""2023-08-14""}","MUY!","United States - muycompanies.com","1 keyword researched a total of 1 time by 1 anonymous user","workflow automation",1,1,1,"Jun 2, 2023",,,,
"/discover/account/detail/ed246849cc6e79f/?span={""fixedRange"":false,""timeWindow"":null,""startDate"":""2023-05-17"",""endDate"":""2023-08-14""}","MUY!","United States - muycompanies.com","1 keyword researched a total of 1 time by 1 anonymous user","hyland",1,1,1,"May 29, 2023",,,,
"/discover/account/detail/ed246849cc6e79f/?span={""fixedRange"":false,""timeWindow"":null,""startDate"":""2023-05-17"",""endDate"":""2023-08-14""}","MUY!","United States - muycompanies.com","1 keyword researched a total of 1 time by 1 anonymous user","taxonomy",1,1,1,"May 26, 2023",,,,
"/discover/account/detail/ed246849cc6e79f/?span={""fixedRange"":false,""timeWindow"":null,""startDate"":""2023-05-17"",""endDate"":""2023-08-14""}","MUY!","United States - muycompanies.com","2 keywords researched a total of 2 times by 2 anonymous users","marketing performance, taxonomy",2,2,2,"May 24, 2023",,,,
"/discover/account/detail/ed246849cc6e79f/?span={""fixedRange"":false,""timeWindow"":null,""startDate"":""2023-05-17"",""endDate"":""2023-08-14""}","MUY!","United States - muycompanies.com","1 keyword researched a total of 1 time by 1 anonymous user","sitecore",1,1,1,"May 23, 2023",,,,
"/discover/account/detail/ed246849cc6e79f/?span={""fixedRange"":false,""timeWindow"":null,""startDate"":""2023-05-17"",""endDate"":""2023-08-14""}","MUY!","United States - muycompanies.com","1 keyword researched a total of 1 time by 1 anonymous user","taxonomy",1,1,1,"May 22, 2023",,,,
"/discover/account/detail/ed246849cc6e79f/?span={""fixedRange"":false,""timeWindow"":null,""startDate"":""2023-05-17"",""endDate"":""2023-08-14""}","MUY!","United States - muycompanies.com","2 keywords researched a total of 4 times by 3 anonymous users","pim, marketing performance",2,4,3,"May 20, 2023",,,,
"/discover/account/detail/ed246849cc6e79f/?span={""fixedRange"":false,""timeWindow"":null,""startDate"":""2023-05-17"",""endDate"":""2023-08-14""}","MUY!","United States - muycompanies.com","1 keyword researched a total of 2 times by 1 anonymous user","canto",1,2,1,"May 19, 2023",,,,
"/discover/account/detail/ed246849cc6e79f/?span={""fixedRange"":false,""timeWindow"":null,""startDate"":""2023-05-17"",""endDate"":""2023-08-14""}","MUY!","United States - muycompanies.com","2 keywords researched a total of 6 times by 2 anonymous users","pim, content hub",2,6,2,"May 18, 2023",,,,
"/discover/account/detail/ed246849cc6e79f/?span={""fixedRange"":false,""timeWindow"":null,""startDate"":""2023-05-17"",""endDate"":""2023-08-14""}","MUY!","United States - muycompanies.com","2 keywords researched a total of 8 times by 2 anonymous users","pim, content hub",2,8,2,"May 17, 2023",,,,
"/discover/account/detail/ed246849cc6e79f/?span={""fixedRange"":false,""timeWindow"":null,""startDate"":""2023-05-17"",""endDate"":""2023-08-14""}","MUY!","United States - muycompanies.com","1 keyword researched a total of 8 times by 2 anonymous users","pim",1,8,2,"May 16, 2023",,,,
"/discover/account/detail/ed246849cc6e79f/?span={""fixedRange"":false,""timeWindow"":null,""startDate"":""2023-05-17"",""endDate"":""2023-08-14""}","MUY!","United States - muycompanies.com","2 keywords researched a total of 3 times by 2 anonymous users","widen, pim",2,3,2,"May 15, 2023",,,,
"/discover/account/detail/ed246849cc6e79f/?span={""fixedRange"":false,""timeWindow"":null,""startDate"":""2023-05-17"",""endDate"":""2023-08-14""}","MUY!","United States - muycompanies.com","1 keyword researched a total of 1 time by 1 anonymous user","sitecore",1,1,1,"May 13, 2023",,,,
"/discover/account/detail/ed246849cc6e79f/?span={""fixedRange"":false,""timeWindow"":null,""startDate"":""2023-05-17"",""endDate"":""2023-08-14""}","MUY!","United States - muycompanies.com","1 keyword researched a total of 1 time by 1 anonymous user","hyland",1,1,1,"May 11, 2023",,,,
"/discover/account/detail/ed246849cc6e79f/?span={""fixedRange"":false,""timeWindow"":null,""startDate"":""2023-05-17"",""endDate"":""2023-08-14""}","MUY!","United States - muycompanies.com","1 keyword researched a total of 2 times by 1 anonymous user","taxonomy",1,2,1,"May 3, 2023",,,,
"/discover/account/detail/ed246849cc6e79f/?span={""fixedRange"":false,""timeWindow"":null,""startDate"":""2023-05-17"",""endDate"":""2023-08-14""}","MUY!","United States - muycompanies.com","2 keywords researched a total of 2 times by 2 anonymous users","Informatica, hyland",2,2,2,"May 2, 2023",,,,
"/discover/account/detail/ed246849cc6e79f/?span={""fixedRange"":false,""timeWindow"":null,""startDate"":""2023-05-17"",""endDate"":""2023-08-14""}","MUY!","United States - muycompanies.com","1 keyword researched a total of 4 times by 2 anonymous users","marketing performance",1,4,2,"Apr 30, 2023",,,,
"/discover/account/detail/ed246849cc6e79f/?span={""fixedRange"":false,""timeWindow"":null,""startDate"":""2023-05-17"",""endDate"":""2023-08-14""}","MUY!","United States - muycompanies.com","2 keywords researched a total of 2 times by 2 anonymous users","Salsify, marketing performance",2,2,2,"Apr 29, 2023",,,,
"/discover/account/detail/ed246849cc6e79f/?span={""fixedRange"":false,""timeWindow"":null,""startDate"":""2023-05-17"",""endDate"":""2023-08-14""}","MUY!","United States - muycompanies.com","1 keyword researched a total of 1 time by 1 anonymous user","hyland",1,1,1,"Apr 28, 2023",,,,
"/discover/account/detail/ed246849cc6e79f/?span={""fixedRange"":false,""timeWindow"":null,""startDate"":""2023-05-17"",""endDate"":""2023-08-14""}","MUY!","United States - muycompanies.com","1 keyword researched a total of 1 time by 1 anonymous user","marketing performance",1,1,1,"Apr 27, 2023",,,,
"/discover/account/detail/ed246849cc6e79f/?span={""fixedRange"":false,""timeWindow"":null,""startDate"":""2023-05-17"",""endDate"":""2023-08-14""}","MUY!","United States - muycompanies.com","1 keyword researched a total of 4 times by 1 anonymous user","marketing performance",1,4,1,"Apr 26, 2023",,,,
"/discover/account/detail/ed246849cc6e79f/?span={""fixedRange"":false,""timeWindow"":null,""startDate"":""2023-05-17"",""endDate"":""2023-08-14""}","MUY!","United States - muycompanies.com","1 keyword researched a total of 5 times by 1 anonymous user","canto",1,5,1,"Apr 25, 2023",,,,
"/discover/account/detail/ed246849cc6e79f/?span={""fixedRange"":false,""timeWindow"":null,""startDate"":""2023-05-17"",""endDate"":""2023-08-14""}","MUY!","United States - muycompanies.com","1 keyword researched a total of 1 time by 1 anonymous user","taxonomy",1,1,1,"Apr 24, 2023",,,,
"/discover/account/detail/ed246849cc6e79f/?span={""fixedRange"":false,""timeWindow"":null,""startDate"":""2023-05-17"",""endDate"":""2023-08-14""}","MUY!","United States - muycompanies.com","1 keyword researched a total of 1 time by 1 anonymous user","marketing performance",1,1,1,"Apr 23, 2023",,,,
"/discover/account/detail/ed246849cc6e79f/?span={""fixedRange"":false,""timeWindow"":null,""startDate"":""2023-05-17"",""endDate"":""2023-08-14""}","MUY!","United States - muycompanies.com","1 keyword researched a total of 1 time by 1 anonymous user","marketing performance",1,1,1,"Apr 22, 2023",,,,
"/discover/account/detail/ed246849cc6e79f/?span={""fixedRange"":false,""timeWindow"":null,""startDate"":""2023-05-17"",""endDate"":""2023-08-14""}","MUY!","United States - muycompanies.com","1 keyword researched a total of 1 time by 1 anonymous user","content delivery network",1,1,1,"Apr 18, 2023",,,,
"/discover/account/detail/ed246849cc6e79f/?span={""fixedRange"":false,""timeWindow"":null,""startDate"":""2023-05-17"",""endDate"":""2023-08-14""}","MUY!","United States - muycompanies.com","1 keyword researched a total of 1 time by 1 anonymous user","content hub",1,1,1,"Apr 16, 2023",,,,
"/discover/account/detail/ed246849cc6e79f/?span={""fixedRange"":false,""timeWindow"":null,""startDate"":""2023-05-17"",""endDate"":""2023-08-14""}","MUY!","United States - muycompanies.com","1 keyword researched a total of 1 time by 1 anonymous user","canto",1,1,1,"Apr 14, 2023",,,,
"/discover/account/detail/ed246849cc6e79f/?span={""fixedRange"":false,""timeWindow"":null,""startDate"":""2023-05-17"",""endDate"":""2023-08-14""}","MUY!","United States - muycompanies.com","1 keyword researched a total of 1 time by 1 anonymous user","taxonomy",1,1,1,"Apr 12, 2023",,,,
"/discover/account/detail/ed246849cc6e79f/?span={""fixedRange"":false,""timeWindow"":null,""startDate"":""2023-05-17"",""endDate"":""2023-08-14""}","MUY!","United States - muycompanies.com","3 keywords researched a total of 3 times by 3 anonymous users","dam new york, digital asset manager, best dam",3,3,3,"Apr 10, 2023",,,,
"/discover/account/detail/ed246849cc6e79f/?span={""fixedRange"":false,""timeWindow"":null,""startDate"":""2023-05-17"",""endDate"":""2023-08-14""}","MUY!","United States - muycompanies.com","2 keywords researched a total of 6 times by 2 anonymous users","widen, content hub",2,6,2,"Apr 9, 2023",,,,
"/discover/account/detail/ed246849cc6e79f/?span={""fixedRange"":false,""timeWindow"":null,""startDate"":""2023-05-17"",""endDate"":""2023-08-14""}","MUY!","United States - muycompanies.com","1 keyword researched a total of 2 times by 1 anonymous user","hyland",1,2,1,"Apr 7, 2023",,,,
"/discover/account/detail/ed246849cc6e79f/?span={""fixedRange"":false,""timeWindow"":null,""startDate"":""2023-05-17"",""endDate"":""2023-08-14""}","MUY!","United States - muycompanies.com","1 keyword researched a total of 1 time by 1 anonymous user","pim",1,1,1,"Apr 6, 2023",,,,
"/discover/account/detail/ed246849cc6e79f/?span={""fixedRange"":false,""timeWindow"":null,""startDate"":""2023-05-17"",""endDate"":""2023-08-14""}","MUY!","United States - muycompanies.com","2 keywords researched a total of 3 times by 3 anonymous users","hyland, taxonomy",2,3,3,"Apr 5, 2023",,,,
"/discover/account/detail/ed246849cc6e79f/?span={""fixedRange"":false,""timeWindow"":null,""startDate"":""2023-05-17"",""endDate"":""2023-08-14""}","MUY!","United States - muycompanies.com","2 keywords researched a total of 3 times by 3 anonymous users","hyland, canto",2,3,3,"Apr 4, 2023",,,,
"/discover/account/detail/ed246849cc6e79f/?span={""fixedRange"":false,""timeWindow"":null,""startDate"":""2023-05-17"",""endDate"":""2023-08-14""}","MUY!","United States - muycompanies.com","2 keywords researched a total of 4 times by 4 anonymous users","hyland, taxonomy",2,4,4,"Apr 3, 2023",,,,
"/discover/account/detail/ed246849cc6e79f/?span={""fixedRange"":false,""timeWindow"":null,""startDate"":""2023-05-17"",""endDate"":""2023-08-14""}","MUY!","United States - muycompanies.com","1 keyword researched a total of 2 times by 1 anonymous user","widen",1,2,1,"Apr 2, 2023",,,,
"/discover/account/detail/ed246849cc6e79f/?span={""fixedRange"":false,""timeWindow"":null,""startDate"":""2023-05-17"",""endDate"":""2023-08-14""}","MUY!","United States - muycompanies.com","3 keywords researched a total of 9 times by 4 anonymous users","widen, hyland, content hub",3,9,4,"Apr 1, 2023",,,,
"/discover/account/detail/ed246849cc6e79f/?span={""fixedRange"":false,""timeWindow"":null,""startDate"":""2023-05-17"",""endDate"":""2023-08-14""}","MUY!","United States - muycompanies.com","2 keywords researched a total of 5 times by 2 anonymous users","hyland, widen",2,5,2,"Mar 31, 2023",,,,
"/discover/account/detail/ed246849cc6e79f/?span={""fixedRange"":false,""timeWindow"":null,""startDate"":""2023-05-17"",""endDate"":""2023-08-14""}","MUY!","United States - muycompanies.com","1 keyword researched a total of 1 time by 1 anonymous user","content delivery network",1,1,1,"Mar 28, 2023",,,,
"/discover/account/detail/ed246849cc6e79f/?span={""fixedRange"":false,""timeWindow"":null,""startDate"":""2023-05-17"",""endDate"":""2023-08-14""}","MUY!","United States - muycompanies.com","2 keywords researched a total of 5 times by 2 anonymous users","Informatica, canto",2,5,2,"Mar 22, 2023",,,,
"/discover/account/detail/ed246849cc6e79f/?span={""fixedRange"":false,""timeWindow"":null,""startDate"":""2023-05-17"",""endDate"":""2023-08-14""}","MUY!","United States - muycompanies.com","1 keyword researched a total of 1 time by 1 anonymous user","hyland",1,1,1,"Mar 21, 2023",,,,
"/discover/account/detail/ed246849cc6e79f/?span={""fixedRange"":false,""timeWindow"":null,""startDate"":""2023-05-17"",""endDate"":""2023-08-14""}","MUY!","United States - muycompanies.com","1 keyword researched a total of 1 time by 1 anonymous user","content delivery network",1,1,1,"Mar 19, 2023",,,,
"/discover/account/detail/ed246849cc6e79f/?span={""fixedRange"":false,""timeWindow"":null,""startDate"":""2023-05-17"",""endDate"":""2023-08-14""}","MUY!","United States - muycompanies.com","2 keywords researched a total of 2 times by 2 anonymous users","hyland, marketing performance",2,2,2,"Mar 16, 2023",,,,
"/discover/account/detail/ed246849cc6e79f/?span={""fixedRange"":false,""timeWindow"":null,""startDate"":""2023-05-17"",""endDate"":""2023-08-14""}","MUY!","United States - muycompanies.com","1 keyword researched a total of 2 times by 1 anonymous user","taxonomy",1,2,1,"Mar 15, 2023",,,,
"/discover/account/detail/ed246849cc6e79f/?span={""fixedRange"":false,""timeWindow"":null,""startDate"":""2023-05-17"",""endDate"":""2023-08-14""}","MUY!","United States - muycompanies.com","1 keyword researched a total of 3 times by 2 anonymous users","hyland",1,3,2,"Mar 13, 2023",,,,
"/discover/account/detail/ed246849cc6e79f/?span={""fixedRange"":false,""timeWindow"":null,""startDate"":""2023-05-17"",""endDate"":""2023-08-14""}","MUY!","United States - muycompanies.com","1 keyword researched a total of 1 time by 1 anonymous user","canto",1,1,1,"Mar 12, 2023",,,,
"/discover/account/detail/ed246849cc6e79f/?span={""fixedRange"":false,""timeWindow"":null,""startDate"":""2023-05-17"",""endDate"":""2023-08-14""}","MUY!","United States - muycompanies.com","2 keywords researched a total of 2 times by 2 anonymous users","content delivery network, taxonomy",2,2,2,"Mar 10, 2023",,,,
"/discover/account/detail/ed246849cc6e79f/?span={""fixedRange"":false,""timeWindow"":null,""startDate"":""2023-05-17"",""endDate"":""2023-08-14""}","MUY!","United States - muycompanies.com","3 keywords researched a total of 3 times by 3 anonymous users","canto, hyland, content delivery network",3,3,3,"Mar 5, 2023",,,,
"/discover/account/detail/ed246849cc6e79f/?span={""fixedRange"":false,""timeWindow"":null,""startDate"":""2023-05-17"",""endDate"":""2023-08-14""}","MUY!","United States - muycompanies.com","11 Media Impressions in 1 Campaign","https://tenovos.abm.6sense.com/campaigns/view/98139",,,,"Mar 2, 2023",11,1,,
"/discover/account/detail/ed246849cc6e79f/?span={""fixedRange"":false,""timeWindow"":null,""startDate"":""2023-05-17"",""endDate"":""2023-08-14""}","MUY!","United States - muycompanies.com","23 Media Impressions in 1 Campaign","https://tenovos.abm.6sense.com/campaigns/view/98139",,,,"Mar 1, 2023",23,1,,
"/discover/account/detail/ed246849cc6e79f/?span={""fixedRange"":false,""timeWindow"":null,""startDate"":""2023-05-17"",""endDate"":""2023-08-14""}","MUY!","United States - muycompanies.com","1 keyword researched a total of 1 time by 1 anonymous user","marketing performance",1,1,1,"Mar 1, 2023",,,,
"/discover/account/detail/ed246849cc6e79f/?span={""fixedRange"":false,""timeWindow"":null,""startDate"":""2023-05-17"",""endDate"":""2023-08-14""}","MUY!","United States - muycompanies.com","42 Media Impressions in 1 Campaign","https://tenovos.abm.6sense.com/campaigns/view/98139",,,,"Feb 28, 2023",42,1,,
"/discover/account/detail/ed246849cc6e79f/?span={""fixedRange"":false,""timeWindow"":null,""startDate"":""2023-05-17"",""endDate"":""2023-08-14""}","MUY!","United States - muycompanies.com","2 keywords researched a total of 11 times by 5 anonymous users","hyland, marketing performance",2,11,5,"Feb 28, 2023",,,,
"/discover/account/detail/ed246849cc6e79f/?span={""fixedRange"":false,""timeWindow"":null,""startDate"":""2023-05-17"",""endDate"":""2023-08-14""}","MUY!","United States - muycompanies.com","35 Media Impressions in 1 Campaign","https://tenovos.abm.6sense.com/campaigns/view/98139",,,,"Feb 27, 2023",35,1,,
"/discover/account/detail/ed246849cc6e79f/?span={""fixedRange"":false,""timeWindow"":null,""startDate"":""2023-05-17"",""endDate"":""2023-08-14""}","MUY!","United States - muycompanies.com","1 keyword researched a total of 1 time by 1 anonymous user","digital asset manager",1,1,1,"Feb 27, 2023",,,,
"/discover/account/detail/ed246849cc6e79f/?span={""fixedRange"":false,""timeWindow"":null,""startDate"":""2023-05-17"",""endDate"":""2023-08-14""}","MUY!","United States - muycompanies.com","2 Media Impressions in 1 Campaign","https://tenovos.abm.6sense.com/campaigns/view/98139",,,,"Feb 25, 2023",2,1,,
"/discover/account/detail/ed246849cc6e79f/?span={""fixedRange"":false,""timeWindow"":null,""startDate"":""2023-05-17"",""endDate"":""2023-08-14""}","MUY!","United States - muycompanies.com","2 keywords researched a total of 3 times by 3 anonymous users","marketing performance, digital asset management",2,3,3,"Feb 25, 2023",,,,
"/discover/account/detail/ed246849cc6e79f/?span={""fixedRange"":false,""timeWindow"":null,""startDate"":""2023-05-17"",""endDate"":""2023-08-14""}","MUY!","United States - muycompanies.com","43 Media Impressions in 1 Campaign","https://tenovos.abm.6sense.com/campaigns/view/98139",,,,"Feb 24, 2023",43,1,,
"/discover/account/detail/ed246849cc6e79f/?span={""fixedRange"":false,""timeWindow"":null,""startDate"":""2023-05-17"",""endDate"":""2023-08-14""}","MUY!","United States - muycompanies.com","1 keyword researched a total of 11 times by 3 anonymous users","digital asset management",1,11,3,"Feb 24, 2023",,,,
"/discover/account/detail/ed246849cc6e79f/?span={""fixedRange"":false,""timeWindow"":null,""startDate"":""2023-05-17"",""endDate"":""2023-08-14""}","MUY!","United States - muycompanies.com","23 Media Impressions in 1 Campaign","https://tenovos.abm.6sense.com/campaigns/view/98139",,,,"Feb 23, 2023",23,1,,
"/discover/account/detail/ed246849cc6e79f/?span={""fixedRange"":false,""timeWindow"":null,""startDate"":""2023-05-17"",""endDate"":""2023-08-14""}","MUY!","United States - muycompanies.com","2 keywords researched a total of 4 times by 1 anonymous user","digital asset management trends, digital asset management",2,4,1,"Feb 23, 2023",,,,
"/discover/account/detail/ed246849cc6e79f/?span={""fixedRange"":false,""timeWindow"":null,""startDate"":""2023-05-17"",""endDate"":""2023-08-14""}","MUY!","United States - muycompanies.com","23 Media Impressions in 1 Campaign","https://tenovos.abm.6sense.com/campaigns/view/98139",,,,"Feb 22, 2023",23,1,,
"/discover/account/detail/ed246849cc6e79f/?span={""fixedRange"":false,""timeWindow"":null,""startDate"":""2023-05-17"",""endDate"":""2023-08-14""}","MUY!","United States - muycompanies.com","2 keywords researched a total of 2 times by 1 anonymous user","digital asset management, digital asset management trends",2,2,1,"Feb 22, 2023",,,,
"/discover/account/detail/ed246849cc6e79f/?span={""fixedRange"":false,""timeWindow"":null,""startDate"":""2023-05-17"",""endDate"":""2023-08-14""}","MUY!","United States - muycompanies.com","59 Media Impressions in 1 Campaign","https://tenovos.abm.6sense.com/campaigns/view/98139",,,,"Feb 21, 2023",59,1,,
"/discover/account/detail/ed246849cc6e79f/?span={""fixedRange"":false,""timeWindow"":null,""startDate"":""2023-05-17"",""endDate"":""2023-08-14""}","MUY!","United States - muycompanies.com","2 keywords researched a total of 4 times by 3 anonymous users","marketing performance, digital asset manager",2,4,3,"Feb 21, 2023",,,,
"/discover/account/detail/ed246849cc6e79f/?span={""fixedRange"":false,""timeWindow"":null,""startDate"":""2023-05-17"",""endDate"":""2023-08-14""}","MUY!","United States - muycompanies.com","20 Media Impressions in 1 Campaign","https://tenovos.abm.6sense.com/campaigns/view/98139",,,,"Feb 20, 2023",20,1,,
"/discover/account/detail/ed246849cc6e79f/?span={""fixedRange"":false,""timeWindow"":null,""startDate"":""2023-05-17"",""endDate"":""2023-08-14""}","MUY!","United States - muycompanies.com","3 keywords researched a total of 5 times by 3 anonymous users","hyland, digital asset manager, taxonomy",3,5,3,"Feb 20, 2023",,,,
"/discover/account/detail/ed246849cc6e79f/?span={""fixedRange"":false,""timeWindow"":null,""startDate"":""2023-05-17"",""endDate"":""2023-08-14""}","MUY!","United States - muycompanies.com","1 keyword researched a total of 1 time by 1 anonymous user","marketing performance",1,1,1,"Feb 19, 2023",,,,
"/discover/account/detail/ed246849cc6e79f/?span={""fixedRange"":false,""timeWindow"":null,""startDate"":""2023-05-17"",""endDate"":""2023-08-14""}","MUY!","United States - muycompanies.com","9 Media Impressions in 1 Campaign","https://tenovos.abm.6sense.com/campaigns/view/98139",,,,"Feb 18, 2023",9,1,,
"/discover/account/detail/ed246849cc6e79f/?span={""fixedRange"":false,""timeWindow"":null,""startDate"":""2023-05-17"",""endDate"":""2023-08-14""}","MUY!","United States - muycompanies.com","2 keywords researched a total of 5 times by 2 anonymous users","hyland, content hub",2,5,2,"Feb 18, 2023",,,,
"/discover/account/detail/ed246849cc6e79f/?span={""fixedRange"":false,""timeWindow"":null,""startDate"":""2023-05-17"",""endDate"":""2023-08-14""}","MUY!","United States - muycompanies.com","63 Media Impressions in 1 Campaign","https://tenovos.abm.6sense.com/campaigns/view/98139",,,,"Feb 17, 2023",63,1,,
"/discover/account/detail/ed246849cc6e79f/?span={""fixedRange"":false,""timeWindow"":null,""startDate"":""2023-05-17"",""endDate"":""2023-08-14""}","MUY!","United States - muycompanies.com","55 Media Impressions in 1 Campaign","https://tenovos.abm.6sense.com/campaigns/view/98139",,,,"Feb 16, 2023",55,1,,
"/discover/account/detail/ed246849cc6e79f/?span={""fixedRange"":false,""timeWindow"":null,""startDate"":""2023-05-17"",""endDate"":""2023-08-14""}","MUY!","United States - muycompanies.com","2 keywords researched a total of 2 times by 2 anonymous users","content hub, digital asset manager",2,2,2,"Feb 16, 2023",,,,
"/discover/account/detail/ed246849cc6e79f/?span={""fixedRange"":false,""timeWindow"":null,""startDate"":""2023-05-17"",""endDate"":""2023-08-14""}","MUY!","United States - muycompanies.com","1 page viewed a total of 1 time by 1 Anonymous user","https://tenovos.com/tenovos-rfp-template-6sense/",,,1,"Feb 15, 2023",,,1,1
"/discover/account/detail/ed246849cc6e79f/?span={""fixedRange"":false,""timeWindow"":null,""startDate"":""2023-05-17"",""endDate"":""2023-08-14""}","MUY!","United States - muycompanies.com","23 Media Impressions in 1 Campaign","https://tenovos.abm.6sense.com/campaigns/view/98139",,,,"Feb 15, 2023",23,1,,
"/discover/account/detail/ed246849cc6e79f/?span={""fixedRange"":false,""timeWindow"":null,""startDate"":""2023-05-17"",""endDate"":""2023-08-14""}","MUY!","United States - muycompanies.com","1 Media Click in 1 Campaign","https://tenovos.abm.6sense.com/campaigns/view/98139",,,,"Feb 15, 2023",1,1,,
"/discover/account/detail/ed246849cc6e79f/?span={""fixedRange"":false,""timeWindow"":null,""startDate"":""2023-05-17"",""endDate"":""2023-08-14""}","MUY!","United States - muycompanies.com","1 keyword researched a total of 1 time by 1 anonymous user","content hub",1,1,1,"Feb 15, 2023",,,,